Date,Time,Weight(kg),BMI,Body Fat(%),Skeletal Muscle(%),Fat-Free Mass(kg),Subcutaneous Fat(%),Visceral Fat,Body Water(%),Muscle Mass(kg),Bone Mass(kg),Protein(%),BMR(kcal),Metabolic Age,Optimal Weight(kg),Target to optimal weight(kg),Target to optimal fat mass(kg),Target to optimal muscle mass(kg),Body Type,Remarks
2026.07.02,09:26:23,83.15,25.7,16.2,54.1,69.68,13.8,8.0,60.5,66.19,3.49,19.1,1877,46,--,--,--,--,--,--
2026.07.01,09:53:07,83.45,25.8,16.2,54.1,69.93,13.8,8.0,60.5,66.43,3.50,19.1,1881,46,--,--,--,--,--,--
2026.06.30,09:35:23,82.45,25.4,16.0,54.2,69.26,13.6,8.0,60.6,65.80,3.46,19.1,1864,45,--,--,--,--,--,--
2026.06.29,09:56:10,82.25,25.4,16.0,54.2,69.09,13.6,8.0,60.6,65.64,3.45,19.1,1859,45,--,--,--,--,--,--
2026.06.26,05:25:24,83.75,25.8,16.3,54.0,70.10,13.8,8.0,60.4,66.58,3.52,19.1,1889,46,--,--,--,--,--,--
2026.06.25,10:54:20,83.55,25.8,16.3,54.0,69.93,13.8,8.0,60.4,66.42,3.51,19.1,1885,46,--,--,--,--,--,--
2026.06.24,09:37:03,83.40,25.7,16.2,54.1,69.89,13.8,8.0,60.5,66.39,3.50,19.1,1881,46,--,--,--,--,--,--
2026.06.23,08:41:35,83.60,25.8,16.3,54.0,69.97,13.8,8.0,60.4,66.46,3.51,19.1,1885,46,--,--,--,--,--,--
2026.06.23,08:41:09,83.60,25.8,16.3,54.0,69.97,13.8,8.0,60.4,66.46,3.51,19.1,1885,46,--,--,--,--,--,--
2026.06.22,08:42:52,83.80,25.9,16.3,54.0,70.14,13.8,8.0,60.4,66.62,3.52,19.1,1889,46,--,--,--,--,--,--
2026.06.21,05:21:45,83.85,25.9,16.3,54.0,70.18,13.8,8.0,60.4,66.66,3.52,19.1,1889,46,--,--,--,--,--,--
2026.06.19,09:40:05,83.00,25.6,16.2,54.1,69.55,13.8,8.0,60.5,66.07,3.48,19.1,1872,45,--,--,--,--,--,--
2026.06.18,10:26:18,82.00,25.3,15.9,54.3,68.96,13.6,8.0,60.7,65.52,3.44,19.2,1855,45,--,--,--,--,--,--
2026.06.17,09:12:17,81.90,25.3,15.9,54.3,68.88,13.6,8.0,60.7,65.44,3.44,19.2,1855,45,--,--,--,--,--,--
2026.06.17,09:11:42,81.90,25.3,15.9,54.3,68.88,13.6,8.0,60.7,65.44,3.44,19.2,1855,45,--,--,--,--,--,--
2026.06.15,09:22:11,82.60,25.5,16.1,54.2,69.30,13.7,8.0,60.6,65.83,3.47,19.1,1868,45,--,--,--,--,--,--
2026.06.14,06:41:18,83.05,25.6,16.2,54.1,69.60,13.8,8.0,60.5,66.11,3.49,19.1,1877,46,--,--,--,--,--,--
2026.06.13,07:05:31,82.35,25.4,16.0,54.2,69.17,13.6,8.0,60.6,65.72,3.45,19.1,1859,45,--,--,--,--,--,--
2026.06.12,08:35:44,83.35,25.7,16.2,54.1,69.85,13.8,8.0,60.5,66.35,3.50,19.1,1881,46,--,--,--,--,--,--
2026.06.11,09:14:15,83.80,25.9,16.3,54.0,70.14,13.8,8.0,60.4,66.62,3.52,19.1,1889,46,--,--,--,--,--,--
2026.06.05,04:31:14,84.10,26.0,16.4,54.0,70.31,13.9,8.0,60.4,66.78,3.53,19.1,1894,46,--,--,--,--,--,--
2026.06.04,21:36:14,84.80,26.2,16.5,53.9,70.81,14.0,8.0,60.3,67.25,3.56,19.0,1907,46,--,--,--,--,--,--
2026.06.04,10:22:25,83.15,25.7,16.2,54.1,69.68,13.8,8.0,60.5,66.19,3.49,19.1,1877,46,--,--,--,--,--,--
2026.06.03,09:41:53,83.15,25.7,16.2,54.1,69.68,13.8,8.0,60.5,66.19,3.49,19.1,1877,46,--,--,--,--,--,--
2026.06.02,09:59:38,83.40,25.7,16.2,54.1,69.89,13.8,8.0,60.5,66.39,3.50,19.1,1881,46,--,--,--,--,--,--
2026.05.30,05:04:42,83.15,25.7,16.2,54.1,69.68,13.8,8.0,60.5,66.19,3.49,19.1,1877,46,--,--,--,--,--,--
2026.05.29,09:47:14,82.75,25.5,16.1,54.2,69.43,13.7,8.0,60.6,65.95,3.48,19.1,1872,45,--,--,--,--,--,--
2026.05.28,09:12:01,82.15,25.4,16.0,54.2,69.01,13.6,8.0,60.6,65.56,3.45,19.1,1859,45,--,--,--,--,--,--
2026.05.27,09:29:34,83.20,25.7,16.2,54.1,69.72,13.8,8.0,60.5,66.23,3.49,19.1,1877,46,--,--,--,--,--,--
2026.05.26,08:56:47,83.85,25.9,16.3,54.0,70.18,13.8,8.0,60.4,66.66,3.52,19.1,1889,46,--,--,--,--,--,--
2026.05.25,08:36:44,84.00,25.9,16.4,54.0,70.22,13.9,8.0,60.4,66.70,3.52,19.1,1889,46,--,--,--,--,--,--
2026.05.24,06:24:46,84.40,26.0,16.4,54.0,70.56,13.9,8.0,60.4,67.01,3.55,19.1,1902,46,--,--,--,--,--,--
2026.05.24,06:24:10,84.40,26.0,16.4,54.0,70.56,13.9,8.0,60.4,67.01,3.55,19.1,1902,46,--,--,--,--,--,--
2026.05.23,08:20:55,83.50,25.8,16.3,54.0,69.89,13.8,8.0,60.4,66.38,3.51,19.1,1885,46,--,--,--,--,--,--
2026.05.22,09:38:22,84.45,26.1,16.5,53.9,70.52,14.0,8.0,60.3,66.97,3.55,19.0,1902,46,--,--,--,--,--,--
2026.05.21,07:03:49,83.40,25.7,16.2,54.1,69.89,13.8,8.0,60.5,66.39,3.50,19.1,1881,46,--,--,--,--,--,--
2026.05.20,09:43:13,83.50,25.8,16.3,54.0,69.89,13.8,8.0,60.4,66.38,3.51,19.1,1885,46,--,--,--,--,--,--
2026.05.19,09:54:37,83.10,25.6,16.2,54.1,69.64,13.8,8.0,60.5,66.15,3.49,19.1,1877,46,--,--,--,--,--,--
2026.05.18,09:43:34,83.65,25.8,16.3,54.0,70.02,13.8,8.0,60.4,66.50,3.52,19.1,1889,46,--,--,--,--,--,--
2026.05.17,10:03:29,84.20,26.0,16.4,54.0,70.39,13.9,8.0,60.4,66.85,3.54,19.1,1898,46,--,--,--,--,--,--
2026.05.16,08:53:31,82.55,25.5,16.1,54.2,69.26,13.7,8.0,60.6,65.79,3.47,19.1,1868,45,--,--,--,--,--,--
2026.05.15,11:47:11,83.70,25.8,16.3,54.0,70.06,13.8,8.0,60.4,66.54,3.52,19.1,1889,46,--,--,--,--,--,--
2026.05.15,06:26:10,84.40,26.0,16.4,54.0,70.56,13.9,8.0,60.4,67.01,3.55,19.1,1902,46,--,--,--,--,--,--
2026.05.09,04:31:42,84.80,26.2,16.5,53.9,70.81,14.0,8.0,60.3,67.25,3.56,19.0,1907,46,--,--,--,--,--,--
2026.05.08,09:20:28,84.15,26.0,16.4,54.0,70.35,13.9,8.0,60.4,66.82,3.53,19.1,1894,46,--,--,--,--,--,--
2026.05.08,09:20:08,84.15,26.0,16.4,54.0,70.35,13.9,8.0,60.4,66.82,3.53,19.1,1894,46,--,--,--,--,--,--
2026.05.07,09:34:16,84.50,26.1,--,--,--,--,--,--,--,--,--,--,--,--,--,--,--,--,--
2026.05.06,07:48:16,84.00,25.9,16.4,54.0,70.22,13.9,8.0,60.4,66.70,3.52,19.1,1889,46,--,--,--,--,--,--
2026.05.05,09:23:05,83.35,25.7,16.2,54.1,69.85,13.8,8.0,60.5,66.35,3.50,19.1,1881,46,--,--,--,--,--,--
2026.05.04,07:49:46,83.80,25.9,16.3,54.0,70.14,13.8,8.0,60.4,66.62,3.52,19.1,1889,46,--,--,--,--,--,--
2026.05.03,10:03:12,83.60,25.8,16.3,54.0,69.97,13.8,8.0,60.4,66.46,3.51,19.1,1885,46,--,--,--,--,--,--
2026.05.02,07:03:24,83.15,25.7,16.2,54.1,69.68,13.8,8.0,60.5,66.19,3.49,19.1,1877,46,--,--,--,--,--,--
2026.05.01,05:32:22,84.10,26.0,16.4,54.0,70.31,13.9,8.0,60.4,66.78,3.53,19.1,1894,46,--,--,--,--,--,--
2026.05.01,05:32:02,84.10,26.0,16.4,54.0,70.31,13.9,8.0,60.4,66.78,3.53,19.1,1894,46,--,--,--,--,--,--
2026.04.30,09:58:35,83.75,25.8,16.3,54.0,70.10,13.8,8.0,60.4,66.58,3.52,19.1,1889,46,--,--,--,--,--,--
2026.04.29,09:41:03,84.00,25.9,16.4,54.0,70.22,13.9,8.0,60.4,66.70,3.52,19.1,1889,46,--,--,--,--,--,--
2026.04.28,10:08:41,83.85,25.9,16.3,54.0,70.18,13.8,8.0,60.4,66.66,3.52,19.1,1889,46,--,--,--,--,--,--
2026.04.27,09:10:18,83.45,25.8,16.2,54.1,69.93,13.8,8.0,60.5,66.43,3.50,19.1,1881,46,--,--,--,--,--,--
2026.04.26,05:02:16,85.00,26.2,16.6,53.8,70.89,14.1,8.0,60.2,67.32,3.57,19.0,1911,46,--,--,--,--,--,--
2026.04.25,09:29:00,83.35,25.7,16.2,54.1,69.85,13.8,8.0,60.5,66.35,3.50,19.1,1881,46,--,--,--,--,--,--
2026.04.24,09:04:55,83.65,25.8,16.3,54.0,70.02,13.8,8.0,60.4,66.50,3.52,19.1,1889,46,--,--,--,--,--,--
2026.04.23,10:22:06,83.50,25.8,16.3,54.0,69.89,13.8,8.0,60.4,66.38,3.51,19.1,1885,46,--,--,--,--,--,--
2026.04.22,10:01:26,83.55,25.8,16.3,54.0,69.93,13.8,8.0,60.4,66.42,3.51,19.1,1885,46,--,--,--,--,--,--
2026.04.21,09:46:50,84.05,25.9,16.4,54.0,70.27,13.9,8.0,60.4,66.74,3.53,19.1,1894,46,--,--,--,--,--,--
2026.04.20,08:53:14,83.45,25.8,16.2,54.1,69.93,13.8,8.0,60.5,66.43,3.50,19.1,1881,46,--,--,--,--,--,--
2026.04.19,09:46:00,84.90,26.2,16.6,53.8,70.81,14.1,8.0,60.2,67.24,3.57,19.0,1911,46,--,--,--,--,--,--
2026.04.18,08:29:24,85.00,26.2,16.6,53.8,70.89,14.1,8.0,60.2,67.32,3.57,19.0,1911,46,--,--,--,--,--,--
2026.04.17,09:48:23,84.05,25.9,16.4,54.0,70.27,13.9,8.0,60.4,66.74,3.53,19.1,1894,46,--,--,--,--,--,--
2026.04.16,10:10:44,83.60,25.8,16.3,54.0,69.97,13.8,8.0,60.4,66.46,3.51,19.1,1885,46,--,--,--,--,--,--
2026.04.15,10:21:29,83.95,25.9,16.4,54.0,70.18,13.9,8.0,60.4,66.66,3.52,19.1,1889,46,--,--,--,--,--,--
2026.04.14,09:55:05,83.75,25.8,16.3,54.0,70.10,13.8,8.0,60.4,66.58,3.52,19.1,1889,46,--,--,--,--,--,--
2026.04.13,09:48:35,84.55,26.1,16.5,53.9,70.60,14.0,8.0,60.3,67.05,3.55,19.0,1902,46,--,--,--,--,--,--
2026.04.12,05:37:01,84.50,26.1,16.5,53.9,70.56,14.0,8.0,60.3,67.01,3.55,19.0,1902,46,--,--,--,--,--,--
2026.04.11,09:30:24,83.75,25.8,16.3,54.0,70.10,13.8,8.0,60.4,66.58,3.52,19.1,1889,46,--,--,--,--,--,--
2026.04.10,10:31:08,83.20,25.7,16.2,54.1,69.72,13.8,8.0,60.5,66.23,3.49,19.1,1877,46,--,--,--,--,--,--
2026.04.10,10:30:51,83.20,25.7,16.2,54.1,69.72,13.8,8.0,60.5,66.23,3.49,19.1,1877,46,--,--,--,--,--,--
2026.04.09,08:08:41,82.90,25.6,16.1,54.2,69.55,13.7,8.0,60.6,66.07,3.48,19.1,1872,45,--,--,--,--,--,--
2026.04.08,09:22:11,83.95,25.9,16.4,54.0,70.18,13.9,8.0,60.4,66.66,3.52,19.1,1889,46,--,--,--,--,--,--
2026.04.07,08:51:43,84.05,25.9,16.4,54.0,70.27,13.9,8.0,60.4,66.74,3.53,19.1,1894,46,--,--,--,--,--,--
2026.04.07,08:51:15,84.05,25.9,16.4,54.0,70.27,13.9,8.0,60.4,66.74,3.53,19.1,1894,46,--,--,--,--,--,--
2026.04.05,10:26:13,83.50,25.8,16.3,54.0,69.89,13.8,8.0,60.4,66.38,3.51,19.1,1885,46,--,--,--,--,--,--
2026.04.04,08:49:00,84.20,26.0,16.4,54.0,70.39,13.9,8.0,60.4,66.85,3.54,19.1,1898,46,--,--,--,--,--,--
2026.04.03,07:39:26,84.35,26.0,16.4,54.0,70.52,13.9,8.0,60.4,66.97,3.55,19.1,1902,46,--,--,--,--,--,--
2026.04.02,10:23:22,84.90,26.2,16.6,53.8,70.81,14.1,8.0,60.2,67.24,3.57,19.0,1911,46,--,--,--,--,--,--
2026.04.02,10:22:29,84.90,26.2,16.6,53.8,70.81,14.1,8.0,60.2,67.24,3.57,19.0,1911,46,--,--,--,--,--,--
2026.04.01,09:34:54,84.90,26.2,16.6,53.8,70.81,14.1,8.0,60.2,67.24,3.57,19.0,1911,46,--,--,--,--,--,--
2026.03.28,06:09:54,84.80,26.2,16.5,53.9,70.81,14.0,8.0,60.3,67.25,3.56,19.0,1907,46,--,--,--,--,--,--
2026.03.27,10:22:02,84.20,26.0,16.4,54.0,70.39,13.9,8.0,60.4,66.85,3.54,19.1,1898,46,--,--,--,--,--,--
2026.03.26,09:59:12,84.20,26.0,16.4,54.0,70.39,13.9,8.0,60.4,66.85,3.54,19.1,1898,46,--,--,--,--,--,--
2026.03.25,09:53:48,83.80,25.9,16.3,54.0,70.14,13.8,8.0,60.4,66.62,3.52,19.1,1889,46,--,--,--,--,--,--
2026.03.24,10:14:59,83.95,25.9,16.4,54.0,70.18,13.9,8.0,60.4,66.66,3.52,19.1,1889,46,--,--,--,--,--,--
2026.03.23,09:37:17,84.05,25.9,16.4,54.0,70.27,13.9,8.0,60.4,66.74,3.53,19.1,1894,46,--,--,--,--,--,--
2026.03.22,06:35:09,83.75,25.8,16.3,54.0,70.10,13.8,8.0,60.4,66.58,3.52,19.1,1889,46,--,--,--,--,--,--
2026.03.21,09:09:03,83.70,25.8,16.3,54.0,70.06,13.8,8.0,60.4,66.54,3.52,19.1,1889,46,--,--,--,--,--,--
2026.03.20,09:25:08,83.70,25.8,16.3,54.0,70.06,13.8,8.0,60.4,66.54,3.52,19.1,1889,46,--,--,--,--,--,--
2026.03.19,09:02:58,83.90,25.9,16.3,54.0,70.22,13.8,8.0,60.4,66.70,3.52,19.1,1889,46,--,--,--,--,--,--
2026.03.18,09:37:07,83.65,25.8,16.3,54.0,70.02,13.8,8.0,60.4,66.50,3.52,19.1,1889,46,--,--,--,--,--,--
2026.03.17,09:30:43,84.30,26.0,16.4,54.0,70.47,13.9,8.0,60.4,66.93,3.54,19.1,1898,46,--,--,--,--,--,--
2026.03.16,06:35:12,84.25,26.0,16.4,54.0,70.43,13.9,8.0,60.4,66.89,3.54,19.1,1898,46,--,--,--,--,--,--
2026.03.15,07:51:30,84.90,26.2,16.6,53.8,70.81,14.1,8.0,60.2,67.24,3.57,19.0,1911,46,--,--,--,--,--,--
2026.03.14,08:55:02,83.70,25.8,16.3,54.0,70.06,13.8,8.0,60.4,66.54,3.52,19.1,1889,46,--,--,--,--,--,--
2026.03.13,08:49:23,83.65,25.8,16.3,54.0,70.02,13.8,8.0,60.4,66.50,3.52,19.1,1889,46,--,--,--,--,--,--
2026.03.13,08:48:34,83.65,25.8,16.3,54.0,70.02,13.8,8.0,60.4,66.50,3.52,19.1,1889,46,--,--,--,--,--,--
2026.03.12,09:54:03,82.70,25.5,16.1,54.2,69.39,13.7,8.0,60.6,65.91,3.48,19.1,1872,45,--,--,--,--,--,--
2026.03.11,10:45:44,82.80,25.6,16.1,54.2,69.47,13.7,8.0,60.6,65.99,3.48,19.1,1872,45,--,--,--,--,--,--
2026.03.09,09:48:21,83.15,25.7,16.2,54.1,69.68,13.8,8.0,60.5,66.19,3.49,19.1,1877,46,--,--,--,--,--,--
2026.03.08,05:31:40,84.30,26.0,16.4,54.0,70.47,13.9,8.0,60.4,66.93,3.54,19.1,1898,46,--,--,--,--,--,--
2026.03.07,05:45:19,83.30,25.7,16.2,54.1,69.81,13.8,8.0,60.5,66.31,3.50,19.1,1881,46,--,--,--,--,--,--
2026.03.05,09:25:27,82.80,25.6,16.1,54.2,69.47,13.7,8.0,60.6,65.99,3.48,19.1,1872,45,--,--,--,--,--,--
2026.03.04,10:23:26,82.95,25.6,16.1,54.2,69.60,13.7,8.0,60.6,66.11,3.49,19.1,1877,45,--,--,--,--,--,--
2026.03.03,09:40:59,82.65,25.5,16.1,54.2,69.34,13.7,8.0,60.6,65.87,3.47,19.1,1868,45,--,--,--,--,--,--
2026.03.02,09:27:33,83.45,25.8,16.2,54.1,69.93,13.8,8.0,60.5,66.43,3.50,19.1,1881,46,--,--,--,--,--,--
2026.03.01,10:33:44,83.20,25.7,16.2,54.1,69.72,13.8,8.0,60.5,66.23,3.49,19.1,1877,46,--,--,--,--,--,--
2026.02.28,09:19:04,84.35,26.0,16.4,54.0,70.52,13.9,8.0,60.4,66.97,3.55,19.1,1902,46,--,--,--,--,--,--
2026.02.25,05:11:15,84.00,25.9,16.4,54.0,70.22,13.9,8.0,60.4,66.70,3.52,19.1,1889,46,--,--,--,--,--,--
2026.02.24,09:37:03,83.35,25.7,16.2,54.1,69.85,13.8,8.0,60.5,66.35,3.50,19.1,1881,46,--,--,--,--,--,--
2026.02.23,09:19:25,83.10,25.6,16.2,54.1,69.64,13.8,8.0,60.5,66.15,3.49,19.1,1877,46,--,--,--,--,--,--
2026.02.22,07:11:22,83.85,25.9,16.3,54.0,70.18,13.8,8.0,60.4,66.66,3.52,19.1,1889,46,--,--,--,--,--,--
2026.02.21,09:44:08,83.40,25.7,16.2,54.1,69.89,13.8,8.0,60.5,66.39,3.50,19.1,1881,46,--,--,--,--,--,--
2026.02.20,06:52:02,83.15,25.7,16.2,54.1,69.68,13.8,8.0,60.5,66.19,3.49,19.1,1877,46,--,--,--,--,--,--
2026.02.19,10:09:53,83.30,25.7,16.2,54.1,69.81,13.8,8.0,60.5,66.31,3.50,19.1,1881,46,--,--,--,--,--,--
2026.02.18,09:39:58,83.35,25.7,16.2,54.1,69.85,13.8,8.0,60.5,66.35,3.50,19.1,1881,46,--,--,--,--,--,--
2026.02.17,09:23:27,83.00,25.6,16.2,54.1,69.55,13.8,8.0,60.5,66.07,3.48,19.1,1872,45,--,--,--,--,--,--
2026.02.16,06:06:58,83.40,25.7,16.2,54.1,69.89,13.8,8.0,60.5,66.39,3.50,19.1,1881,46,--,--,--,--,--,--
2026.02.13,05:58:16,82.95,25.6,16.1,54.2,69.60,13.7,8.0,60.6,66.11,3.49,19.1,1877,45,--,--,--,--,--,--
2026.02.12,09:42:55,83.15,25.7,16.2,54.1,69.68,13.8,8.0,60.5,66.19,3.49,19.1,1877,46,--,--,--,--,--,--
2026.02.11,09:20:56,83.15,25.7,16.2,54.1,69.68,13.8,8.0,60.5,66.19,3.49,19.1,1877,46,--,--,--,--,--,--
2026.02.10,09:55:12,83.15,25.7,16.2,54.1,69.68,13.8,8.0,60.5,66.19,3.49,19.1,1877,46,--,--,--,--,--,--
2026.02.09,10:19:53,82.05,25.3,15.9,54.3,69.00,13.6,8.0,60.7,65.56,3.44,19.2,1855,45,--,--,--,--,--,--
2026.02.09,10:19:35,82.05,25.3,15.9,54.3,69.00,13.6,8.0,60.7,65.56,3.44,19.2,1855,45,--,--,--,--,--,--
2026.02.08,07:11:46,83.10,25.6,16.2,54.1,69.64,13.8,8.0,60.5,66.15,3.49,19.1,1877,46,--,--,--,--,--,--
2026.02.07,10:06:59,82.20,25.4,16.0,54.2,69.05,13.6,8.0,60.6,65.60,3.45,19.1,1859,45,--,--,--,--,--,--
2026.02.06,09:50:08,83.00,25.6,16.2,54.1,69.55,13.8,8.0,60.5,66.07,3.48,19.1,1872,45,--,--,--,--,--,--
2026.02.05,09:07:15,82.75,25.5,16.1,54.2,69.43,13.7,8.0,60.6,65.95,3.48,19.1,1872,45,--,--,--,--,--,--
2026.02.03,09:33:04,82.75,25.5,16.1,54.2,69.43,13.7,8.0,60.6,65.95,3.48,19.1,1872,45,--,--,--,--,--,--
2026.02.02,05:51:00,82.50,25.5,16.0,54.2,69.30,13.6,8.0,60.6,65.83,3.47,19.1,1868,45,--,--,--,--,--,--
2026.02.01,07:30:21,82.85,25.6,16.1,54.2,69.51,13.7,8.0,60.6,66.03,3.48,19.1,1872,45,--,--,--,--,--,--
2026.01.30,06:09:34,82.45,25.4,16.0,54.2,69.26,13.6,8.0,60.6,65.80,3.46,19.1,1864,45,--,--,--,--,--,--
2026.01.30,06:09:26,82.45,25.4,16.0,54.2,69.26,13.6,8.0,60.6,65.80,3.46,19.1,1864,45,--,--,--,--,--,--
2026.01.29,09:02:40,82.45,25.4,16.0,54.2,69.26,13.6,8.0,60.6,65.80,3.46,19.1,1864,45,--,--,--,--,--,--
2026.01.28,09:43:29,83.05,25.6,16.2,54.1,69.60,13.8,8.0,60.5,66.11,3.49,19.1,1877,46,--,--,--,--,--,--
2026.01.27,09:58:30,82.05,25.3,15.9,54.3,69.00,13.6,8.0,60.7,65.56,3.44,19.2,1855,45,--,--,--,--,--,--
2026.01.24,07:13:41,82.15,25.4,16.0,54.2,69.01,13.6,8.0,60.6,65.56,3.45,19.1,1859,45,--,--,--,--,--,--
2026.01.23,09:38:08,81.95,25.3,15.9,54.3,68.92,13.6,8.0,60.7,65.48,3.44,19.2,1855,45,--,--,--,--,--,--
2026.01.22,10:19:54,82.70,25.5,16.1,54.2,69.39,13.7,8.0,60.6,65.91,3.48,19.1,1872,45,--,--,--,--,--,--
2026.01.21,09:43:25,83.15,25.7,16.2,54.1,69.68,13.8,8.0,60.5,66.19,3.49,19.1,1877,46,--,--,--,--,--,--
2026.01.20,07:24:52,83.45,25.8,16.2,54.1,69.93,13.8,8.0,60.5,66.43,3.50,19.1,1881,46,--,--,--,--,--,--
2026.01.20,07:24:31,83.45,25.8,16.2,54.1,69.93,13.8,8.0,60.5,66.43,3.50,19.1,1881,46,--,--,--,--,--,--
2026.01.19,09:28:29,83.00,25.6,16.2,54.1,69.55,13.8,8.0,60.5,66.07,3.48,19.1,1872,45,--,--,--,--,--,--
2026.01.18,07:42:32,83.10,25.6,16.2,54.1,69.64,13.8,8.0,60.5,66.15,3.49,19.1,1877,46,--,--,--,--,--,--
2026.01.17,10:13:09,81.75,25.2,15.9,54.3,68.75,13.6,8.0,60.7,65.32,3.43,19.2,1851,44,--,--,--,--,--,--
2026.01.16,10:15:16,81.95,25.3,15.9,54.3,68.92,13.6,8.0,60.7,65.48,3.44,19.2,1855,44,--,--,--,--,--,--
2026.01.15,09:48:33,82.40,25.4,16.0,54.2,69.22,13.6,8.0,60.6,65.76,3.46,19.1,1864,44,--,--,--,--,--,--
2026.01.14,09:30:50,82.00,25.3,15.9,54.3,68.96,13.6,8.0,60.7,65.52,3.44,19.2,1855,44,--,--,--,--,--,--
2026.01.11,06:27:27,81.90,25.3,15.9,54.3,68.88,13.6,8.0,60.7,65.44,3.44,19.2,1855,44,--,--,--,--,--,--
2026.01.10,08:38:30,81.75,25.2,15.9,54.3,68.75,13.6,8.0,60.7,65.32,3.43,19.2,1851,44,--,--,--,--,--,--
2026.01.09,10:20:49,81.95,25.3,15.9,54.3,68.92,13.6,8.0,60.7,65.48,3.44,19.2,1855,44,--,--,--,--,--,--
2026.01.08,10:27:44,82.05,25.3,15.9,54.3,69.00,13.6,8.0,60.7,65.56,3.44,19.2,1855,44,--,--,--,--,--,--
2026.01.07,09:44:54,82.00,25.3,15.9,54.3,68.96,13.6,8.0,60.7,65.52,3.44,19.2,1855,44,--,--,--,--,--,--
2026.01.06,09:54:26,81.65,25.2,15.8,54.4,68.75,13.5,8.0,60.8,65.32,3.43,19.2,1851,44,--,--,--,--,--,--
2026.01.05,08:25:02,81.40,25.1,15.8,54.4,68.54,13.5,8.0,60.8,65.12,3.42,19.2,1846,44,--,--,--,--,--,--
2026.01.03,09:20:46,83.45,25.8,16.2,54.1,69.93,13.8,8.0,60.5,66.43,3.50,19.1,1881,45,--,--,--,--,--,--
2026.01.02,10:30:17,83.60,25.8,16.3,54.0,69.97,13.8,8.0,60.4,66.46,3.51,19.1,1885,45,--,--,--,--,--,--
2026.01.01,06:50:10,83.90,25.9,16.3,54.0,70.22,13.8,8.0,60.4,66.70,3.52,19.1,1889,45,--,--,--,--,--,--
2025.12.31,10:11:29,83.70,25.8,16.3,54.0,70.06,13.8,8.0,60.4,66.54,3.52,19.1,1889,45,--,--,--,--,--,--
2025.12.30,09:53:03,84.10,26.0,16.4,54.0,70.31,13.9,8.0,60.4,66.78,3.53,19.1,1894,45,--,--,--,--,--,--
2025.12.29,09:48:36,85.80,26.5,16.7,53.8,71.47,14.1,8.0,60.1,67.87,3.60,19.0,1924,45,--,--,--,--,--,--
2025.12.28,10:03:48,84.55,26.1,16.5,53.9,70.60,14.0,8.0,60.3,67.05,3.55,19.0,1902,45,--,--,--,--,--,--
2025.12.27,08:47:12,84.25,26.0,16.4,54.0,70.43,13.9,8.0,60.4,66.89,3.54,19.1,1898,45,--,--,--,--,--,--
2025.12.26,10:25:14,84.35,26.0,16.4,54.0,70.52,13.9,8.0,60.4,66.97,3.55,19.1,1902,45,--,--,--,--,--,--
2025.12.25,10:14:55,84.15,26.0,16.4,54.0,70.35,13.9,8.0,60.4,66.82,3.53,19.1,1894,45,--,--,--,--,--,--
2025.12.25,10:14:31,84.15,26.0,16.4,54.0,70.35,13.9,8.0,60.4,66.82,3.53,19.1,1894,45,--,--,--,--,--,--
2025.12.24,07:52:04,83.80,25.9,16.3,54.0,70.14,13.8,8.0,60.4,66.62,3.52,19.1,1889,45,--,--,--,--,--,--
2025.12.23,10:08:31,84.15,26.0,16.4,54.0,70.35,13.9,8.0,60.4,66.82,3.53,19.1,1894,45,--,--,--,--,--,--
2025.12.22,09:42:13,84.45,26.1,16.4,54.0,70.60,13.9,8.0,60.4,67.05,3.55,19.1,1902,45,--,--,--,--,--,--
2025.12.21,08:42:22,84.00,25.9,16.3,54.0,70.31,13.8,8.0,60.4,66.78,3.53,19.1,1894,45,--,--,--,--,--,--
2025.12.20,08:21:45,83.75,25.8,16.3,54.0,70.10,13.8,8.0,60.4,66.58,3.52,19.1,1889,45,--,--,--,--,--,--
2025.12.19,09:53:49,83.35,25.7,16.2,54.1,69.85,13.8,8.0,60.5,66.35,3.50,19.1,1881,45,--,--,--,--,--,--
2025.12.18,10:12:54,83.85,25.9,16.3,54.0,70.18,13.8,8.0,60.4,66.66,3.52,19.1,1889,45,--,--,--,--,--,--
2025.12.17,10:17:53,83.90,25.9,16.3,54.0,70.22,13.8,8.0,60.4,66.70,3.52,19.1,1889,45,--,--,--,--,--,--
2025.12.16,10:25:09,83.75,25.8,16.3,54.0,70.10,13.8,8.0,60.4,66.58,3.52,19.1,1889,45,--,--,--,--,--,--
2025.12.15,10:07:47,83.50,25.8,16.2,54.1,69.97,13.8,8.0,60.5,66.47,3.50,19.1,1881,45,--,--,--,--,--,--
2025.12.14,10:21:29,84.60,26.1,16.5,53.9,70.64,14.0,8.0,60.3,67.09,3.55,19.0,1902,45,--,--,--,--,--,--
2025.12.13,10:42:12,84.45,26.1,16.4,54.0,70.60,13.9,8.0,60.4,67.05,3.55,19.1,1902,45,--,--,--,--,--,--
2025.12.12,10:05:21,83.80,25.9,16.3,54.0,70.14,13.8,8.0,60.4,66.62,3.52,19.1,1889,45,--,--,--,--,--,--
2025.12.11,09:43:19,83.70,25.8,16.3,54.0,70.06,13.8,8.0,60.4,66.54,3.52,19.1,1889,45,--,--,--,--,--,--
2025.12.10,09:59:30,83.80,25.9,16.3,54.0,70.14,13.8,8.0,60.4,66.62,3.52,19.1,1889,45,--,--,--,--,--,--
2025.12.09,08:56:47,83.25,25.7,16.2,54.1,69.76,13.8,8.0,60.5,66.27,3.49,19.1,1877,45,--,--,--,--,--,--
2025.12.08,08:26:57,83.65,25.8,16.3,54.0,70.02,13.8,8.0,60.4,66.50,3.52,19.1,1889,45,--,--,--,--,--,--
2025.12.07,10:01:25,83.65,25.8,16.3,54.0,70.02,13.8,8.0,60.4,66.50,3.52,19.1,1889,45,--,--,--,--,--,--
2025.12.06,10:14:43,83.80,25.9,16.3,54.0,70.14,13.8,8.0,60.4,66.62,3.52,19.1,1889,45,--,--,--,--,--,--
2025.12.05,10:04:16,82.75,25.5,16.1,54.2,69.43,13.7,8.0,60.6,65.95,3.48,19.1,1872,44,--,--,--,--,--,--
2025.12.04,09:36:14,82.75,25.5,16.1,54.2,69.43,13.7,8.0,60.6,65.95,3.48,19.1,1872,44,--,--,--,--,--,--
2025.12.03,09:19:55,82.95,25.6,16.1,54.2,69.60,13.7,8.0,60.6,66.11,3.49,19.1,1877,44,--,--,--,--,--,--
2025.12.02,09:10:21,82.70,25.5,16.1,54.2,69.39,13.7,8.0,60.6,65.91,3.48,19.1,1872,44,--,--,--,--,--,--
2025.12.01,09:56:28,83.35,25.7,16.2,54.1,69.85,13.8,8.0,60.5,66.35,3.50,19.1,1881,45,--,--,--,--,--,--
2025.11.30,07:35:49,83.85,25.9,16.3,54.0,70.18,13.8,8.0,60.4,66.66,3.52,19.1,1889,45,--,--,--,--,--,--
2025.11.29,09:22:27,82.95,25.6,16.1,54.2,69.60,13.7,8.0,60.6,66.11,3.49,19.1,1877,44,--,--,--,--,--,--
2025.11.28,10:06:36,82.75,25.5,16.1,54.2,69.43,13.7,8.0,60.6,65.95,3.48,19.1,1872,44,--,--,--,--,--,--
2025.11.27,09:48:55,82.20,25.4,16.0,54.2,69.05,13.6,8.0,60.6,65.60,3.45,19.1,1859,44,--,--,--,--,--,--
2025.11.26,09:22:52,82.10,25.3,15.9,54.3,69.05,13.6,8.0,60.7,65.60,3.45,19.2,1859,44,--,--,--,--,--,--
2025.11.25,09:32:25,82.70,25.5,16.1,54.2,69.39,13.7,8.0,60.6,65.91,3.48,19.1,1872,44,--,--,--,--,--,--
2025.11.24,09:40:08,82.85,25.6,16.1,54.2,69.51,13.7,8.0,60.6,66.03,3.48,19.1,1872,44,--,--,--,--,--,--
2025.11.23,07:34:20,83.25,25.7,16.2,54.1,69.76,13.8,8.0,60.5,66.27,3.49,19.1,1877,45,--,--,--,--,--,--
2025.11.22,08:47:52,83.15,25.7,16.2,54.1,69.68,13.8,8.0,60.5,66.19,3.49,19.1,1877,45,--,--,--,--,--,--
2025.11.21,09:42:53,82.30,25.4,16.0,54.2,69.13,13.6,8.0,60.6,65.68,3.45,19.1,1859,44,--,--,--,--,--,--
2025.11.20,09:38:54,82.65,25.5,16.0,54.2,69.43,13.6,8.0,60.6,65.95,3.48,19.1,1872,44,--,--,--,--,--,--
2025.11.19,09:42:30,82.40,25.4,--,--,--,--,--,--,--,--,--,--,--,--,--,--,--,--,--
2025.11.18,08:29:59,82.45,25.4,16.0,54.2,69.26,13.6,8.0,60.6,65.80,3.46,19.1,1864,44,--,--,--,--,--,--
2025.11.17,09:27:07,83.20,25.7,16.2,54.1,69.72,13.8,8.0,60.5,66.23,3.49,19.1,1877,45,--,--,--,--,--,--
2025.11.16,10:08:20,82.75,25.5,16.1,54.2,69.43,13.7,8.0,60.6,65.95,3.48,19.1,1872,44,--,--,--,--,--,--
2025.11.15,08:25:57,82.50,25.5,16.0,54.2,69.30,13.6,8.0,60.6,65.83,3.47,19.1,1868,44,--,--,--,--,--,--
2025.11.15,08:25:36,82.50,25.5,16.0,54.2,69.30,13.6,8.0,60.6,65.83,3.47,19.1,1868,44,--,--,--,--,--,--
2025.11.14,10:07:46,82.25,25.4,16.0,54.2,69.09,13.6,8.0,60.6,65.64,3.45,19.1,1859,44,--,--,--,--,--,--
2025.11.13,09:11:51,82.35,25.4,16.0,54.2,69.17,13.6,8.0,60.6,65.72,3.45,19.1,1859,44,--,--,--,--,--,--
2025.11.12,09:23:42,82.15,25.4,15.9,54.3,69.09,13.6,8.0,60.7,65.64,3.45,19.2,1859,44,--,--,--,--,--,--
2025.11.11,09:34:36,82.10,25.3,15.9,54.3,69.05,13.6,8.0,60.7,65.60,3.45,19.2,1859,44,--,--,--,--,--,--
2025.11.10,09:27:13,82.50,25.5,16.0,54.2,69.30,13.6,8.0,60.6,65.83,3.47,19.1,1868,44,--,--,--,--,--,--
2025.11.09,07:32:40,82.95,25.6,16.1,54.2,69.60,13.7,8.0,60.6,66.11,3.49,19.1,1877,44,--,--,--,--,--,--
2025.11.08,09:46:42,82.55,25.5,16.0,54.2,69.34,13.6,8.0,60.6,65.87,3.47,19.1,1868,44,--,--,--,--,--,--
2025.11.07,09:42:41,82.35,25.4,16.0,54.2,69.17,13.6,8.0,60.6,65.72,3.45,19.1,1859,44,--,--,--,--,--,--
2025.11.06,09:53:15,82.30,25.4,16.0,54.2,69.13,13.6,8.0,60.6,65.68,3.45,19.1,1859,44,--,--,--,--,--,--
2025.11.05,09:05:05,82.20,25.4,16.0,54.2,69.05,13.6,8.0,60.6,65.60,3.45,19.1,1859,44,--,--,--,--,--,--
2025.11.04,08:55:24,81.65,25.2,15.8,54.4,68.75,13.5,8.0,60.8,65.32,3.43,19.2,1851,44,--,--,--,--,--,--
2025.11.03,09:35:21,81.95,25.3,15.9,54.3,68.92,13.6,8.0,60.7,65.48,3.44,19.2,1855,44,--,--,--,--,--,--
2025.11.02,09:29:08,82.60,25.5,16.0,54.2,69.38,13.6,8.0,60.6,65.91,3.47,19.1,1868,44,--,--,--,--,--,--
2025.11.01,09:31:19,82.10,25.3,15.9,54.3,69.05,13.6,8.0,60.7,65.60,3.45,19.2,1859,44,--,--,--,--,--,--
2025.10.31,09:13:20,82.30,25.4,16.0,54.2,69.13,13.6,8.0,60.6,65.68,3.45,19.1,1859,44,--,--,--,--,--,--
2025.10.30,08:34:54,81.90,25.3,15.9,54.3,68.88,13.6,8.0,60.7,65.44,3.44,19.2,1855,44,--,--,--,--,--,--
2025.10.29,09:23:32,81.85,25.3,15.9,54.3,68.84,13.6,8.0,60.7,65.40,3.44,19.2,1855,44,--,--,--,--,--,--
2025.10.28,08:48:50,81.45,25.1,15.8,54.4,68.58,13.5,8.0,60.8,65.16,3.42,19.2,1846,44,--,--,--,--,--,--
2025.10.27,08:59:34,81.90,25.3,15.9,54.3,68.88,13.6,8.0,60.7,65.44,3.44,19.2,1855,44,--,--,--,--,--,--
2025.10.26,09:48:04,81.85,25.3,15.9,54.3,68.84,13.6,8.0,60.7,65.40,3.44,19.2,1855,44,--,--,--,--,--,--
2025.10.25,09:46:25,81.80,25.2,15.9,54.3,68.79,13.6,8.0,60.7,65.36,3.43,19.2,1851,44,--,--,--,--,--,--
2025.10.24,09:55:50,81.40,25.1,15.8,54.4,68.54,13.5,8.0,60.8,65.12,3.42,19.2,1846,44,--,--,--,--,--,--
2025.10.22,09:41:17,81.05,25.0,15.7,54.4,68.33,13.4,8.0,60.9,64.92,3.41,19.2,1842,44,--,--,--,--,--,--
2025.10.21,10:28:47,81.05,25.0,15.7,54.4,68.33,13.4,8.0,60.9,64.92,3.41,19.2,1842,44,--,--,--,--,--,--
2025.10.20,09:40:01,82.20,25.4,16.0,54.2,69.05,13.6,8.0,60.6,65.60,3.45,19.1,1859,44,--,--,--,--,--,--
2025.10.19,09:51:58,81.70,25.2,15.8,54.4,68.79,13.5,8.0,60.8,65.36,3.43,19.2,1851,44,--,--,--,--,--,--
2025.10.18,09:59:55,82.00,25.3,15.9,54.3,68.96,13.6,8.0,60.7,65.52,3.44,19.2,1855,44,--,--,--,--,--,--
2025.10.17,10:17:53,80.95,25.0,15.7,54.4,68.24,13.4,8.0,60.9,64.84,3.40,19.2,1838,44,--,--,--,--,--,--
2025.10.16,10:38:06,81.55,25.2,15.8,54.4,68.67,13.5,8.0,60.8,65.24,3.43,19.2,1851,44,--,--,--,--,--,--
2025.10.15,09:18:51,81.55,25.2,15.8,54.4,68.67,13.5,8.0,60.8,65.24,3.43,19.2,1851,44,--,--,--,--,--,--
2025.10.15,09:18:34,81.55,25.2,15.8,54.4,68.67,13.5,8.0,60.8,65.24,3.43,19.2,1851,44,--,--,--,--,--,--
2025.10.14,09:34:21,81.25,25.1,15.7,54.4,68.49,13.4,8.0,60.9,65.08,3.41,19.2,1842,44,--,--,--,--,--,--
2025.10.13,09:32:12,80.90,25.0,15.7,54.4,68.20,13.4,8.0,60.9,64.80,3.40,19.2,1838,44,--,--,--,--,--,--
2025.10.12,07:21:52,81.55,25.2,15.8,54.4,68.67,13.5,8.0,60.8,65.24,3.43,19.2,1851,44,--,--,--,--,--,--
2025.10.11,09:59:11,80.90,25.0,15.7,54.4,68.20,13.4,8.0,60.9,64.80,3.40,19.2,1838,44,--,--,--,--,--,--
2025.10.08,10:04:34,80.65,24.9,15.6,54.5,68.07,13.4,8.0,60.9,64.68,3.39,19.2,1833,44,--,--,--,--,--,--
2025.10.07,08:42:34,80.55,24.9,15.6,54.5,67.98,13.4,8.0,60.9,64.60,3.38,19.2,1829,44,--,--,--,--,--,--
2025.10.06,09:52:03,81.30,25.1,15.8,54.4,68.45,13.5,8.0,60.8,65.04,3.41,19.2,1842,44,--,--,--,--,--,--
2025.10.05,09:55:24,81.45,25.1,15.8,54.4,68.58,13.5,8.0,60.8,65.16,3.42,19.2,1846,44,--,--,--,--,--,--
2025.10.04,09:41:54,80.20,24.8,15.5,54.6,67.77,13.3,8.0,61.0,64.40,3.37,19.3,1825,44,--,--,--,--,--,--
2025.10.03,09:22:34,81.10,25.0,15.7,54.4,68.37,13.4,8.0,60.9,64.96,3.41,19.2,1842,44,--,--,--,--,--,--
2025.10.02,10:16:17,79.80,24.6,15.4,54.6,67.51,13.2,7.0,61.1,64.16,3.35,19.3,1816,44,--,--,--,--,--,--
2025.10.01,10:04:35,80.40,24.8,15.6,54.5,67.86,13.4,8.0,60.9,64.48,3.38,19.2,1829,44,--,--,--,--,--,--
2025.09.30,10:17:25,80.40,24.8,15.6,54.5,67.86,13.4,8.0,60.9,64.48,3.38,19.2,1829,44,--,--,--,--,--,--
2025.09.29,09:24:43,80.60,24.9,15.6,54.5,68.03,13.4,8.0,60.9,64.64,3.39,19.2,1833,44,--,--,--,--,--,--
2025.09.28,10:11:37,81.10,25.0,15.7,54.4,68.37,13.4,8.0,60.9,64.96,3.41,19.2,1842,44,--,--,--,--,--,--
2025.09.27,09:40:04,81.00,25.0,15.7,54.4,68.28,13.4,8.0,60.9,64.88,3.40,19.2,1838,44,--,--,--,--,--,--
2025.09.26,08:52:30,80.15,24.7,15.5,54.6,67.73,13.3,8.0,61.0,64.36,3.37,19.3,1825,44,--,--,--,--,--,--
2025.09.25,08:56:39,80.15,24.7,15.5,54.6,67.73,13.3,8.0,61.0,64.36,3.37,19.3,1825,44,--,--,--,--,--,--
2025.09.23,08:53:13,81.30,25.1,15.8,54.4,68.45,13.5,8.0,60.8,65.04,3.41,19.2,1842,44,--,--,--,--,--,--
2025.09.22,09:34:45,80.75,24.9,15.6,54.5,68.15,13.4,8.0,60.9,64.76,3.39,19.2,1833,44,--,--,--,--,--,--
2025.09.21,07:11:39,80.75,24.9,15.6,54.5,68.15,13.4,8.0,60.9,64.76,3.39,19.2,1833,44,--,--,--,--,--,--
2025.09.20,10:34:58,80.75,24.9,15.6,54.5,68.15,13.4,8.0,60.9,64.76,3.39,19.2,1833,44,--,--,--,--,--,--
2025.09.19,10:04:52,80.60,24.9,15.6,54.5,68.03,13.4,8.0,60.9,64.64,3.39,19.2,1833,44,--,--,--,--,--,--
2025.09.18,09:55:29,80.55,24.9,15.6,54.5,67.98,13.4,8.0,60.9,64.60,3.38,19.2,1829,44,--,--,--,--,--,--
2025.09.16,09:24:24,80.70,24.9,15.6,54.5,68.11,13.4,8.0,60.9,64.72,3.39,19.2,1833,44,--,--,--,--,--,--
2025.09.15,09:28:34,81.30,25.1,15.8,54.4,68.45,13.5,8.0,60.8,65.04,3.41,19.2,1842,44,--,--,--,--,--,--
2025.09.14,09:08:17,81.45,25.1,15.8,54.4,68.58,13.5,8.0,60.8,65.16,3.42,19.2,1846,44,--,--,--,--,--,--
2025.09.13,10:23:52,80.35,24.8,15.5,54.6,67.90,13.3,8.0,61.0,64.52,3.38,19.3,1829,44,--,--,--,--,--,--
2025.09.12,09:53:50,81.10,25.0,15.7,54.4,68.37,13.4,8.0,60.9,64.96,3.41,19.2,1842,44,--,--,--,--,--,--
2025.09.11,08:08:14,81.45,25.1,15.8,54.4,68.58,13.5,8.0,60.8,65.16,3.42,19.2,1846,44,--,--,--,--,--,--
2025.09.10,08:18:43,81.50,25.2,15.8,54.4,68.62,13.5,8.0,60.8,65.20,3.42,19.2,1846,44,--,--,--,--,--,--
2025.09.09,07:39:40,82.05,25.3,15.9,54.3,69.00,13.6,8.0,60.7,65.56,3.44,19.2,1855,44,--,--,--,--,--,--
2025.09.08,08:41:59,81.95,25.3,15.9,54.3,68.92,13.6,8.0,60.7,65.48,3.44,19.2,1855,44,--,--,--,--,--,--
2025.09.07,09:08:35,81.50,25.2,15.8,54.4,68.62,13.5,8.0,60.8,65.20,3.42,19.2,1846,44,--,--,--,--,--,--
2025.09.06,09:58:51,80.80,24.9,15.6,54.5,68.20,13.4,8.0,60.9,64.80,3.40,19.2,1838,44,--,--,--,--,--,--
2025.09.05,10:37:49,81.05,25.0,15.7,54.4,68.33,13.4,8.0,60.9,64.92,3.41,19.2,1842,44,--,--,--,--,--,--
2025.09.05,10:37:23,81.05,25.0,15.7,54.4,68.33,13.4,8.0,60.9,64.92,3.41,19.2,1842,44,--,--,--,--,--,--
2025.09.04,09:52:35,81.50,25.2,15.8,54.4,68.62,13.5,8.0,60.8,65.20,3.42,19.2,1846,44,--,--,--,--,--,--
2025.09.03,10:43:49,80.90,25.0,15.7,54.4,68.20,13.4,8.0,60.9,64.80,3.40,19.2,1838,44,--,--,--,--,--,--
2025.09.02,05:49:22,81.45,25.1,15.8,54.4,68.58,13.5,8.0,60.8,65.16,3.42,19.2,1846,44,--,--,--,--,--,--
2025.09.01,09:18:53,81.25,25.1,15.7,54.4,68.49,13.4,8.0,60.9,65.08,3.41,19.2,1842,44,--,--,--,--,--,--
2025.08.28,09:30:48,81.05,25.0,15.7,54.4,68.33,13.4,8.0,60.9,64.92,3.41,19.2,1842,44,--,--,--,--,--,--
2025.08.26,07:38:28,81.00,25.0,15.7,54.4,68.28,13.4,8.0,60.9,64.88,3.40,19.2,1838,44,--,--,--,--,--,--
2025.08.25,10:02:02,81.20,25.1,15.7,54.4,68.45,13.4,8.0,60.9,65.04,3.41,19.2,1842,44,--,--,--,--,--,--
2025.08.24,09:05:00,81.80,25.2,15.9,54.3,68.79,13.6,8.0,60.7,65.36,3.43,19.2,1851,44,--,--,--,--,--,--
2025.08.23,09:15:57,81.75,25.2,15.9,54.3,68.75,13.6,8.0,60.7,65.32,3.43,19.2,1851,44,--,--,--,--,--,--
2025.08.22,09:37:23,81.65,25.2,15.8,54.4,68.75,13.5,8.0,60.8,65.32,3.43,19.2,1851,44,--,--,--,--,--,--
2025.08.21,08:17:49,81.85,25.3,15.9,54.3,68.84,13.6,8.0,60.7,65.40,3.44,19.2,1855,44,--,--,--,--,--,--
2025.08.20,08:58:18,81.90,25.3,15.9,54.3,68.88,13.6,8.0,60.7,65.44,3.44,19.2,1855,44,--,--,--,--,--,--
2025.08.19,09:48:26,81.30,25.1,15.8,54.4,68.45,13.5,8.0,60.8,65.04,3.41,19.2,1842,44,--,--,--,--,--,--
2025.08.19,09:48:18,81.30,25.1,15.8,54.4,68.45,13.5,8.0,60.8,65.04,3.41,19.2,1842,44,--,--,--,--,--,--
2025.08.18,06:46:57,81.30,25.1,15.8,54.4,68.45,13.5,8.0,60.8,65.04,3.41,19.2,1842,44,--,--,--,--,--,--
2025.08.17,09:35:45,80.25,24.8,15.5,54.6,67.81,13.3,8.0,61.0,64.44,3.37,19.3,1825,44,--,--,--,--,--,--
2025.08.16,10:05:13,81.20,25.1,15.7,54.4,68.45,13.4,8.0,60.9,65.04,3.41,19.2,1842,44,--,--,--,--,--,--
2025.08.15,09:31:06,81.15,25.0,15.7,54.4,68.41,13.4,8.0,60.9,65.00,3.41,19.2,1842,44,--,--,--,--,--,--
2025.08.11,07:14:19,81.05,25.0,15.7,54.4,68.33,13.4,8.0,60.9,64.92,3.41,19.2,1842,44,--,--,--,--,--,--
2025.08.10,07:48:57,81.60,25.2,15.8,54.4,68.71,13.5,8.0,60.8,65.28,3.43,19.2,1851,44,--,--,--,--,--,--
2025.08.09,09:31:55,82.10,25.3,15.9,54.3,69.05,13.6,8.0,60.7,65.60,3.45,19.2,1859,44,--,--,--,--,--,--
2025.08.08,09:12:21,82.30,25.4,16.0,54.2,69.13,13.6,8.0,60.6,65.68,3.45,19.1,1859,44,--,--,--,--,--,--
2025.08.07,10:28:45,81.45,25.1,15.8,54.4,68.58,13.5,8.0,60.8,65.16,3.42,19.2,1846,44,--,--,--,--,--,--
2025.08.06,09:27:31,81.75,25.2,15.9,54.3,68.75,13.6,8.0,60.7,65.32,3.43,19.2,1851,44,--,--,--,--,--,--
2025.08.05,09:59:59,82.05,25.3,15.9,54.3,69.00,13.6,8.0,60.7,65.56,3.44,19.2,1855,44,--,--,--,--,--,--
2025.08.04,09:26:40,81.75,25.2,15.9,54.3,68.75,13.6,8.0,60.7,65.32,3.43,19.2,1851,44,--,--,--,--,--,--
2025.08.02,09:26:33,81.15,25.0,15.7,54.4,68.41,13.4,8.0,60.9,65.00,3.41,19.2,1842,44,--,--,--,--,--,--
2025.08.01,10:18:22,81.15,25.0,15.7,54.4,68.41,13.4,8.0,60.9,65.00,3.41,19.2,1842,44,--,--,--,--,--,--
2025.07.31,10:08:44,80.90,25.0,15.7,54.4,68.20,13.4,8.0,60.9,64.80,3.40,19.2,1838,44,--,--,--,--,--,--
2025.07.30,09:46:09,80.65,24.9,15.6,54.5,68.07,13.4,8.0,60.9,64.68,3.39,19.2,1833,44,--,--,--,--,--,--
2025.07.29,10:00:59,80.90,25.0,15.7,54.4,68.20,13.4,8.0,60.9,64.80,3.40,19.2,1838,44,--,--,--,--,--,--
2025.07.28,07:09:19,81.45,25.1,15.8,54.4,68.58,13.5,8.0,60.8,65.16,3.42,19.2,1846,44,--,--,--,--,--,--
2025.07.27,09:25:53,81.75,25.2,15.9,54.3,68.75,13.6,8.0,60.7,65.32,3.43,19.2,1851,44,--,--,--,--,--,--
2025.07.26,09:29:41,81.10,25.0,15.7,54.4,68.37,13.4,8.0,60.9,64.96,3.41,19.2,1842,44,--,--,--,--,--,--
2025.07.22,06:04:20,81.70,25.2,15.8,54.4,68.79,13.5,8.0,60.8,65.36,3.43,19.2,1851,44,--,--,--,--,--,--
2025.07.21,08:08:46,82.40,25.4,16.0,54.2,69.22,13.6,8.0,60.6,65.76,3.46,19.1,1864,44,--,--,--,--,--,--
2025.07.20,10:03:37,82.00,25.3,15.9,54.3,68.96,13.6,8.0,60.7,65.52,3.44,19.2,1855,44,--,--,--,--,--,--
2025.07.19,09:45:03,81.50,25.2,15.8,54.4,68.62,13.5,8.0,60.8,65.20,3.42,19.2,1846,44,--,--,--,--,--,--
2025.07.17,09:20:59,81.35,25.1,--,--,--,--,--,--,--,--,--,--,--,--,--,--,--,--,--
2025.07.16,09:06:34,81.10,25.0,15.7,54.4,68.37,13.4,8.0,60.9,64.96,3.41,19.2,1842,44,--,--,--,--,--,--
2025.07.15,09:14:15,80.65,24.9,15.6,54.5,68.07,13.4,8.0,60.9,64.68,3.39,19.2,1833,44,--,--,--,--,--,--
2025.07.14,07:14:46,80.70,24.9,15.6,54.5,68.11,13.4,8.0,60.9,64.72,3.39,19.2,1833,44,--,--,--,--,--,--
2025.07.10,07:09:40,80.05,24.7,15.5,54.6,67.64,13.3,8.0,61.0,64.28,3.36,19.3,1821,44,--,--,--,--,--,--
2025.07.08,08:42:33,80.30,24.8,15.5,54.6,67.85,13.3,8.0,61.0,64.48,3.37,19.3,1825,44,--,--,--,--,--,--
2025.07.07,09:05:28,81.05,25.0,15.7,54.4,68.33,13.4,8.0,60.9,64.92,3.41,19.2,1842,44,--,--,--,--,--,--
2025.07.06,09:21:53,80.95,25.0,15.7,54.4,68.24,13.4,8.0,60.9,64.84,3.40,19.2,1838,44,--,--,--,--,--,--
2025.07.05,09:31:24,80.40,24.8,15.6,54.5,67.86,13.4,8.0,60.9,64.48,3.38,19.2,1829,44,--,--,--,--,--,--
2025.07.04,06:53:55,80.70,24.9,15.6,54.5,68.11,13.4,8.0,60.9,64.72,3.39,19.2,1833,44,--,--,--,--,--,--
2025.07.03,09:30:20,81.40,25.1,15.8,54.4,68.54,13.5,8.0,60.8,65.12,3.42,19.2,1846,44,--,--,--,--,--,--
2025.07.02,09:08:36,80.90,25.0,15.7,54.4,68.20,13.4,8.0,60.9,64.80,3.40,19.2,1838,44,--,--,--,--,--,--
2025.07.01,10:06:52,80.20,24.8,15.5,54.6,67.77,13.3,8.0,61.0,64.40,3.37,19.3,1825,44,--,--,--,--,--,--
2025.06.28,06:03:04,81.10,25.0,15.7,54.4,68.37,13.4,8.0,60.9,64.96,3.41,19.2,1842,44,--,--,--,--,--,--
2025.06.27,09:53:16,80.90,25.0,15.7,54.4,68.20,13.4,8.0,60.9,64.80,3.40,19.2,1838,44,--,--,--,--,--,--
2025.06.27,09:53:11,80.90,25.0,15.7,54.4,68.20,13.4,8.0,60.9,64.80,3.40,19.2,1838,44,--,--,--,--,--,--
2025.06.26,09:17:15,82.10,25.3,15.9,54.3,69.05,13.6,8.0,60.7,65.60,3.45,19.2,1859,44,--,--,--,--,--,--
2025.06.24,09:12:42,81.25,25.1,15.7,54.4,68.49,13.4,8.0,60.9,65.08,3.41,19.2,1842,44,--,--,--,--,--,--
2025.06.23,05:34:00,82.00,25.3,15.9,54.3,68.96,13.6,8.0,60.7,65.52,3.44,19.2,1855,44,--,--,--,--,--,--
2025.06.22,09:23:30,80.85,25.0,15.7,54.4,68.16,13.4,8.0,60.9,64.76,3.40,19.2,1838,44,--,--,--,--,--,--
2025.06.22,09:23:07,80.85,25.0,15.7,54.4,68.16,13.4,8.0,60.9,64.76,3.40,19.2,1838,44,--,--,--,--,--,--
2025.06.21,09:39:40,81.15,25.0,15.7,54.4,68.41,13.4,8.0,60.9,65.00,3.41,19.2,1842,44,--,--,--,--,--,--
2025.06.20,09:11:46,81.35,25.1,15.8,54.4,68.50,13.5,8.0,60.8,65.08,3.42,19.2,1846,44,--,--,--,--,--,--
2025.06.19,09:24:13,81.05,25.0,15.7,54.4,68.33,13.4,8.0,60.9,64.92,3.41,19.2,1842,44,--,--,--,--,--,--
2025.06.18,08:49:34,81.45,25.1,15.8,54.4,68.58,13.5,8.0,60.8,65.16,3.42,19.2,1846,44,--,--,--,--,--,--
2025.06.17,08:50:36,81.35,25.1,15.8,54.4,68.50,13.5,8.0,60.8,65.08,3.42,19.2,1846,44,--,--,--,--,--,--
2025.06.17,08:50:34,81.35,25.1,15.8,54.4,68.50,13.5,8.0,60.8,65.08,3.42,19.2,1846,44,--,--,--,--,--,--
2025.06.16,08:44:21,81.65,25.2,15.8,54.4,68.75,13.5,8.0,60.8,65.32,3.43,19.2,1851,44,--,--,--,--,--,--
2025.06.15,09:27:25,81.30,25.1,15.8,54.4,68.45,13.5,8.0,60.8,65.04,3.41,19.2,1842,44,--,--,--,--,--,--
2025.06.14,08:41:49,82.50,25.5,16.0,54.2,69.30,13.6,8.0,60.6,65.83,3.47,19.1,1868,44,--,--,--,--,--,--
2025.06.14,08:41:12,82.50,25.5,16.0,54.2,69.30,13.6,8.0,60.6,65.83,3.47,19.1,1868,44,--,--,--,--,--,--
2025.06.14,08:40:49,82.50,25.5,16.0,54.2,69.30,13.6,8.0,60.6,65.83,3.47,19.1,1868,44,--,--,--,--,--,--
2025.06.13,07:40:36,82.35,25.4,16.0,54.2,69.17,13.6,8.0,60.6,65.72,3.45,19.1,1859,44,--,--,--,--,--,--
2025.06.12,07:38:57,81.80,25.2,15.9,54.3,68.79,13.6,8.0,60.7,65.36,3.43,19.2,1851,44,--,--,--,--,--,--
2025.06.12,07:38:51,81.80,25.2,15.9,54.3,68.79,13.6,8.0,60.7,65.36,3.43,19.2,1851,44,--,--,--,--,--,--
2025.06.11,08:37:43,82.45,25.4,16.0,54.2,69.26,13.6,8.0,60.6,65.80,3.46,19.1,1864,44,--,--,--,--,--,--
2025.06.06,04:22:12,81.90,25.3,15.9,54.3,68.88,13.6,8.0,60.7,65.44,3.44,19.2,1855,44,--,--,--,--,--,--
2025.06.05,08:09:54,81.65,25.2,15.8,54.4,68.75,13.5,8.0,60.8,65.32,3.43,19.2,1851,44,--,--,--,--,--,--
2025.06.05,08:09:41,81.65,25.2,15.8,54.4,68.75,13.5,8.0,60.8,65.32,3.43,19.2,1851,44,--,--,--,--,--,--
2025.06.04,09:01:11,81.90,25.3,15.9,54.3,68.88,13.6,8.0,60.7,65.44,3.44,19.2,1855,44,--,--,--,--,--,--
2025.06.04,09:01:11,81.90,25.3,15.9,54.3,68.88,13.6,8.0,60.7,65.44,3.44,19.2,1855,44,--,--,--,--,--,--
2025.06.03,08:48:05,81.90,25.3,15.9,54.3,68.88,13.6,8.0,60.7,65.44,3.44,19.2,1855,44,--,--,--,--,--,--
2025.06.02,09:22:03,81.85,25.3,15.9,54.3,68.84,13.6,8.0,60.7,65.40,3.44,19.2,1855,44,--,--,--,--,--,--
2025.06.01,09:14:49,81.70,25.2,15.8,54.4,68.79,13.5,8.0,60.8,65.36,3.43,19.2,1851,44,--,--,--,--,--,--
2025.05.31,08:39:38,80.80,24.9,15.6,54.5,68.20,13.4,8.0,60.9,64.80,3.40,19.2,1838,44,--,--,--,--,--,--
2025.05.30,08:48:45,81.35,25.1,15.8,54.4,68.50,13.5,8.0,60.8,65.08,3.42,19.2,1846,44,--,--,--,--,--,--
2025.05.29,09:16:14,80.85,25.0,15.7,54.4,68.16,13.4,8.0,60.9,64.76,3.40,19.2,1838,44,--,--,--,--,--,--
2025.05.28,07:37:30,81.75,25.2,15.9,54.3,68.75,13.6,8.0,60.7,65.32,3.43,19.2,1851,44,--,--,--,--,--,--
2025.05.27,09:22:44,81.70,25.2,15.8,54.4,68.79,13.5,8.0,60.8,65.36,3.43,19.2,1851,44,--,--,--,--,--,--
2025.05.26,06:12:32,81.65,25.2,15.8,54.4,68.75,13.5,8.0,60.8,65.32,3.43,19.2,1851,44,--,--,--,--,--,--
2025.05.25,09:30:15,81.65,25.2,15.8,54.4,68.75,13.5,8.0,60.8,65.32,3.43,19.2,1851,44,--,--,--,--,--,--
2025.05.23,08:40:15,81.50,25.2,15.8,54.4,68.62,13.5,8.0,60.8,65.20,3.42,19.2,1846,44,--,--,--,--,--,--
2025.05.22,09:24:38,81.60,25.2,15.8,54.4,68.71,13.5,8.0,60.8,65.28,3.43,19.2,1851,44,--,--,--,--,--,--
2025.05.21,07:32:43,81.30,25.1,15.8,54.4,68.45,13.5,8.0,60.8,65.04,3.41,19.2,1842,44,--,--,--,--,--,--
2025.05.20,09:30:04,81.50,25.2,15.8,54.4,68.62,13.5,8.0,60.8,65.20,3.42,19.2,1846,44,--,--,--,--,--,--
2025.05.19,08:54:30,81.55,25.2,15.8,54.4,68.67,13.5,8.0,60.8,65.24,3.43,19.2,1851,44,--,--,--,--,--,--
2025.05.18,09:42:43,81.70,25.2,15.8,54.4,68.79,13.5,8.0,60.8,65.36,3.43,19.2,1851,44,--,--,--,--,--,--
2025.05.17,07:12:42,80.75,24.9,15.6,54.5,68.15,13.4,8.0,60.9,64.76,3.39,19.2,1833,44,--,--,--,--,--,--
2025.05.16,09:16:40,81.65,25.2,15.8,54.4,68.75,13.5,8.0,60.8,65.32,3.43,19.2,1851,44,--,--,--,--,--,--
2025.05.15,08:58:48,81.65,25.2,15.8,54.4,68.75,13.5,8.0,60.8,65.32,3.43,19.2,1851,44,--,--,--,--,--,--
2025.05.14,08:19:51,81.65,25.2,15.8,54.4,68.75,13.5,8.0,60.8,65.32,3.43,19.2,1851,44,--,--,--,--,--,--
2025.05.13,09:22:18,80.50,24.8,15.6,54.5,67.94,13.4,8.0,60.9,64.56,3.38,19.2,1829,44,--,--,--,--,--,--
2025.05.12,07:08:14,80.75,24.9,15.6,54.5,68.15,13.4,8.0,60.9,64.76,3.39,19.2,1833,44,--,--,--,--,--,--
2025.05.11,09:53:07,80.45,24.8,15.6,54.5,67.90,13.4,8.0,60.9,64.52,3.38,19.2,1829,44,--,--,--,--,--,--
2025.05.10,08:45:54,79.90,24.7,15.4,54.6,67.60,13.2,8.0,61.1,64.24,3.36,19.3,1821,44,--,--,--,--,--,--
2025.05.10,08:45:21,79.90,24.7,15.4,54.6,67.60,13.2,8.0,61.1,64.24,3.36,19.3,1821,44,--,--,--,--,--,--
2025.05.09,08:54:32,81.05,25.0,15.7,54.4,68.33,13.4,8.0,60.9,64.92,3.41,19.2,1842,44,--,--,--,--,--,--
2025.05.08,09:03:04,81.15,25.0,15.7,54.4,68.41,13.4,8.0,60.9,65.00,3.41,19.2,1842,44,--,--,--,--,--,--
2025.05.07,08:41:24,80.20,24.8,15.5,54.6,67.77,13.3,8.0,61.0,64.40,3.37,19.3,1825,44,--,--,--,--,--,--
2025.05.06,09:03:14,80.60,24.9,25.6,47.9,59.97,23.0,8.0,53.7,56.98,2.99,17.0,1661,45,--,--,--,--,--,--
2025.05.05,08:49:07,80.30,24.8,25.5,48.0,59.82,22.9,8.0,53.8,56.85,2.97,17.0,1652,45,--,--,--,--,--,--
2025.05.04,08:36:24,80.15,24.7,25.4,48.1,59.79,22.8,8.0,53.9,56.83,2.96,17.0,1648,45,--,--,--,--,--,--
2025.05.03,06:21:09,79.50,24.5,25.1,48.3,59.55,22.5,8.0,54.1,56.60,2.95,17.1,1644,44,--,--,--,--,--,--
2025.05.02,08:53:07,81.10,25.0,--,--,--,--,--,--,--,--,--,--,--,--,--,--,--,--,--
2025.05.01,09:44:53,80.40,24.8,25.5,48.0,59.90,22.9,8.0,53.8,56.92,2.98,17.0,1657,45,--,--,--,--,--,--
2025.04.28,07:20:06,80.40,24.8,25.5,48.0,59.90,22.9,8.0,53.8,56.92,2.98,17.0,1657,45,--,--,--,--,--,--
2025.04.27,04:44:04,82.00,25.3,26.2,47.5,60.52,23.4,8.0,53.3,57.48,3.04,16.8,1683,46,--,--,--,--,--,--
2025.04.27,04:43:14,82.00,25.3,26.2,47.5,60.52,23.4,8.0,53.3,57.48,3.04,16.8,1683,46,--,--,--,--,--,--
2025.04.26,07:30:09,81.50,25.2,26.0,47.7,60.31,23.3,8.0,53.4,57.29,3.02,16.9,1674,45,--,--,--,--,--,--
2025.04.25,09:24:51,80.65,24.9,25.6,47.9,60.00,23.0,8.0,53.7,57.02,2.98,17.0,1657,45,--,--,--,--,--,--
2025.04.24,09:21:52,81.50,25.2,26.0,47.7,60.31,23.3,8.0,53.4,57.29,3.02,16.9,1674,45,--,--,--,--,--,--
2025.04.23,08:49:42,81.50,25.2,26.0,47.7,60.31,23.3,8.0,53.4,57.29,3.02,16.9,1674,45,--,--,--,--,--,--
2025.04.22,08:54:26,80.35,24.8,25.5,48.0,59.86,22.9,8.0,53.8,56.89,2.97,17.0,1652,45,--,--,--,--,--,--
2025.04.21,09:14:46,81.00,25.0,25.8,47.8,60.10,23.1,8.0,53.6,57.11,2.99,16.9,1661,45,--,--,--,--,--,--
2025.04.20,08:44:52,81.10,25.0,25.9,47.7,60.10,23.2,8.0,53.5,57.09,3.01,16.9,1670,45,--,--,--,--,--,--
2025.04.20,08:44:40,81.10,25.0,--,--,--,--,--,--,--,--,--,--,--,--,--,--,--,--,--
2025.04.20,08:44:28,81.10,25.0,25.9,47.7,60.10,23.2,8.0,53.5,57.09,3.01,16.9,1670,45,--,--,--,--,--,--
2025.04.19,08:59:50,80.50,24.8,25.6,47.9,59.89,23.0,8.0,53.7,56.91,2.98,17.0,1657,45,--,--,--,--,--,--
2025.04.18,07:07:03,80.40,24.8,25.5,48.0,59.90,22.9,8.0,53.8,56.92,2.98,17.0,1657,45,--,--,--,--,--,--
2025.04.17,08:25:58,79.20,24.4,25.0,48.3,59.40,22.5,7.0,54.1,56.39,3.01,17.1,1670,44,--,--,--,--,--,--
2025.04.17,08:25:30,79.20,24.4,25.0,48.3,59.40,22.5,7.0,54.1,56.39,3.01,17.1,1670,44,--,--,--,--,--,--
2025.04.16,09:32:01,80.10,24.7,25.4,48.1,59.75,22.8,8.0,53.9,56.79,2.96,17.0,1648,45,--,--,--,--,--,--
2025.04.15,09:33:24,80.25,24.8,25.5,48.0,59.79,22.9,8.0,53.8,56.82,2.97,17.0,1652,45,--,--,--,--,--,--
2025.04.14,08:27:26,80.30,24.8,25.5,48.0,59.82,22.9,8.0,53.8,56.85,2.97,17.0,1652,45,--,--,--,--,--,--
2025.04.13,10:27:04,79.40,24.5,25.1,48.3,59.47,22.5,8.0,54.1,56.53,2.94,17.1,1640,44,--,--,--,--,--,--
2025.04.12,07:45:21,79.25,24.5,--,--,--,--,--,--,--,--,--,--,--,--,--,--,--,--,--
2025.04.12,07:45:18,79.25,24.5,25.0,48.3,59.44,22.5,8.0,54.1,56.43,3.01,17.1,1670,44,--,--,--,--,--,--
2025.04.11,07:48:45,80.65,24.9,25.6,47.9,60.00,23.0,8.0,53.7,57.02,2.98,17.0,1657,45,--,--,--,--,--,--
2025.04.10,08:55:42,80.85,25.0,25.7,47.9,60.07,23.0,8.0,53.6,57.08,2.99,16.9,1661,45,--,--,--,--,--,--
2025.04.09,08:40:38,81.70,25.2,26.1,47.6,60.38,23.4,8.0,53.4,57.35,3.03,16.9,1678,45,--,--,--,--,--,--
2025.04.08,07:09:16,81.70,25.2,26.1,47.6,60.38,23.4,8.0,53.4,57.35,3.03,16.9,1678,45,--,--,--,--,--,--
2025.04.07,08:24:23,81.40,25.1,26.0,47.7,60.24,23.3,8.0,53.4,57.22,3.02,16.9,1674,45,--,--,--,--,--,--
2025.04.06,10:24:13,80.85,25.0,25.7,47.9,60.07,23.0,8.0,53.6,57.08,2.99,16.9,1661,45,--,--,--,--,--,--
2025.04.05,07:58:16,82.20,25.4,26.3,47.5,60.58,23.5,8.0,53.2,57.54,3.04,16.8,1683,46,--,--,--,--,--,--
2025.04.04,08:09:53,81.95,25.3,26.2,47.5,60.48,23.4,8.0,53.3,57.45,3.03,16.8,1678,46,--,--,--,--,--,--
2025.04.03,09:11:33,82.25,25.4,26.3,47.5,60.62,23.5,8.0,53.2,57.58,3.04,16.8,1683,46,--,--,--,--,--,--
2025.04.02,09:15:40,81.65,25.2,26.1,47.6,60.34,23.4,8.0,53.4,57.32,3.02,16.9,1674,45,--,--,--,--,--,--
2025.04.01,10:24:05,81.40,25.1,26.0,47.7,60.24,23.3,8.0,53.4,57.22,3.02,16.9,1674,45,--,--,--,--,--,--
2025.03.31,07:11:39,81.70,25.2,26.1,47.6,60.38,23.4,8.0,53.4,57.35,3.03,16.9,1678,45,--,--,--,--,--,--
2025.03.30,07:27:52,81.40,25.1,26.0,47.7,60.24,23.3,8.0,53.4,57.22,3.02,16.9,1674,45,--,--,--,--,--,--
2025.03.29,08:28:47,80.65,24.9,25.6,47.9,60.00,23.0,8.0,53.7,57.02,2.98,17.0,1657,45,--,--,--,--,--,--
2025.03.27,08:50:24,81.30,25.1,25.9,47.7,60.24,23.2,8.0,53.5,57.24,3.00,16.9,1665,45,--,--,--,--,--,--
2025.03.25,06:09:33,82.35,25.4,26.3,47.5,60.69,23.5,8.0,53.2,57.65,3.04,16.8,1683,46,--,--,--,--,--,--
2025.03.24,09:12:13,81.70,25.2,26.1,47.6,60.38,23.4,8.0,53.4,57.35,3.03,16.9,1678,45,--,--,--,--,--,--
2025.03.23,10:36:03,80.40,24.8,25.5,48.0,59.90,22.9,8.0,53.8,56.92,2.98,17.0,1657,45,--,--,--,--,--,--
2025.03.20,05:12:53,81.55,25.2,26.0,47.7,60.35,23.3,8.0,53.4,57.33,3.02,16.9,1674,45,--,--,--,--,--,--
2025.03.19,08:28:27,82.50,25.5,26.4,47.4,60.72,23.6,8.0,53.1,57.67,3.05,16.8,1687,46,--,--,--,--,--,--
2025.03.18,07:58:10,81.15,25.0,25.9,47.7,60.13,23.2,8.0,53.5,57.13,3.00,16.9,1665,45,--,--,--,--,--,--
2025.03.17,09:17:59,82.30,25.4,26.3,47.5,60.66,23.5,8.0,53.2,57.61,3.05,16.8,1687,46,--,--,--,--,--,--
2025.03.16,10:39:31,81.60,25.2,26.0,47.7,60.38,23.3,8.0,53.4,57.36,3.02,16.9,1674,45,--,--,--,--,--,--
2025.03.15,09:41:43,81.45,25.1,26.0,47.7,60.27,23.3,8.0,53.4,57.26,3.01,16.9,1670,45,--,--,--,--,--,--
2025.03.13,08:52:05,81.00,25.0,25.8,47.8,60.10,23.1,8.0,53.6,57.11,2.99,16.9,1661,45,--,--,--,--,--,--
2025.03.12,09:02:14,81.55,25.2,26.0,47.7,60.35,23.3,8.0,53.4,57.33,3.02,16.9,1674,45,--,--,--,--,--,--
2025.03.11,09:44:20,80.90,25.0,25.7,47.9,60.11,23.0,8.0,53.6,57.12,2.99,16.9,1661,45,--,--,--,--,--,--
2025.03.10,07:47:18,81.30,25.1,25.9,47.7,60.24,23.2,8.0,53.5,57.24,3.00,16.9,1665,45,--,--,--,--,--,--
2025.03.09,06:06:30,82.25,25.4,26.3,47.5,60.62,23.5,8.0,53.2,57.58,3.04,16.8,1683,46,--,--,--,--,--,--
2025.03.08,08:38:50,81.45,25.1,26.0,47.7,60.27,23.3,8.0,53.4,57.26,3.01,16.9,1670,45,--,--,--,--,--,--
2025.03.06,09:06:43,80.90,25.0,25.7,47.9,60.11,23.0,8.0,53.6,57.12,2.99,16.9,1661,45,--,--,--,--,--,--
2025.03.03,07:10:41,80.65,24.9,25.6,47.9,60.00,23.0,8.0,53.7,57.02,2.98,17.0,1657,45,--,--,--,--,--,--
2025.03.02,06:37:20,81.25,25.1,25.9,47.7,60.21,23.2,8.0,53.5,57.20,3.01,16.9,1670,45,--,--,--,--,--,--
2025.03.01,08:06:55,80.90,25.0,25.7,47.9,60.11,23.0,8.0,53.6,57.12,2.99,16.9,1661,45,--,--,--,--,--,--
2025.02.28,09:41:39,81.05,25.0,25.8,47.8,60.14,23.1,8.0,53.6,57.14,3.00,16.9,1665,45,--,--,--,--,--,--
2025.02.25,09:35:06,80.40,24.8,25.5,48.0,59.90,22.9,8.0,53.8,56.92,2.98,17.0,1657,45,--,--,--,--,--,--
2025.02.24,05:34:05,79.85,24.6,25.3,48.1,59.65,22.7,8.0,53.9,56.69,2.96,17.0,1648,45,--,--,--,--,--,--
2025.02.23,07:42:51,81.35,25.1,26.0,47.7,60.20,23.3,8.0,53.4,57.19,3.01,16.9,1670,45,--,--,--,--,--,--
2025.02.22,09:33:35,80.20,24.8,25.4,48.1,59.83,22.8,8.0,53.9,56.86,2.97,17.0,1652,45,--,--,--,--,--,--
2025.02.21,09:44:59,79.30,24.5,25.0,48.3,59.48,22.5,8.0,54.1,56.46,3.02,17.1,1674,44,--,--,--,--,--,--
2025.02.20,09:51:38,79.45,24.5,25.1,48.3,59.51,22.5,8.0,54.1,56.57,2.94,17.1,1640,44,--,--,--,--,--,--
2025.02.18,09:37:15,80.40,24.8,25.5,48.0,59.90,22.9,8.0,53.8,56.92,2.98,17.0,1657,45,--,--,--,--,--,--
2025.02.17,10:05:12,81.00,25.0,25.8,47.8,60.10,23.1,8.0,53.6,57.11,2.99,16.9,1661,45,--,--,--,--,--,--
2025.02.14,06:12:47,79.70,24.6,25.2,48.2,59.62,22.6,8.0,54.0,56.67,2.95,17.1,1644,45,--,--,--,--,--,--
2025.02.13,09:36:19,79.95,24.7,25.3,48.1,59.72,22.7,8.0,53.9,56.76,2.96,17.0,1648,45,--,--,--,--,--,--
2025.02.12,08:40:47,80.35,24.8,25.5,48.0,59.86,22.9,8.0,53.8,56.89,2.97,17.0,1652,45,--,--,--,--,--,--
2025.02.10,09:17:24,81.15,25.0,25.9,47.7,60.13,23.2,8.0,53.5,57.13,3.00,16.9,1665,45,--,--,--,--,--,--
2025.02.09,10:51:54,81.05,25.0,25.8,47.8,60.14,23.1,8.0,53.6,57.14,3.00,16.9,1665,45,--,--,--,--,--,--
2025.02.08,10:09:01,80.30,24.8,25.5,48.0,59.82,22.9,8.0,53.8,56.85,2.97,17.0,1652,45,--,--,--,--,--,--
2025.02.07,09:33:42,80.65,24.9,25.6,47.9,60.00,23.0,8.0,53.7,57.02,2.98,17.0,1657,45,--,--,--,--,--,--
2025.02.06,09:39:22,79.65,24.6,25.2,48.2,59.58,22.6,8.0,54.0,56.63,2.95,17.1,1644,44,--,--,--,--,--,--
2025.02.05,09:05:30,79.60,24.6,25.2,48.2,59.54,22.6,8.0,54.0,56.60,2.94,17.1,1640,44,--,--,--,--,--,--
2025.02.04,09:49:37,80.45,24.8,25.5,48.0,59.94,22.9,8.0,53.8,56.96,2.98,17.0,1657,45,--,--,--,--,--,--
2025.02.03,09:08:56,80.65,24.9,25.6,47.9,60.00,23.0,8.0,53.7,57.02,2.98,17.0,1657,45,--,--,--,--,--,--
2025.02.02,09:05:53,81.55,25.2,26.0,47.7,60.35,23.3,8.0,53.4,57.33,3.02,16.9,1674,45,--,--,--,--,--,--
2025.02.01,09:19:08,81.35,25.1,26.0,47.7,60.20,23.3,8.0,53.4,57.19,3.01,16.9,1670,45,--,--,--,--,--,--
2025.01.31,08:56:15,80.50,24.8,25.6,47.9,59.89,23.0,8.0,53.7,56.91,2.98,17.0,1657,45,--,--,--,--,--,--
2025.01.30,09:55:55,80.85,25.0,25.7,47.9,60.07,23.0,8.0,53.6,57.08,2.99,16.9,1661,45,--,--,--,--,--,--
2025.01.29,09:05:48,81.50,25.2,26.0,47.7,60.31,23.3,8.0,53.4,57.29,3.02,16.9,1674,45,--,--,--,--,--,--
2025.01.28,09:32:30,80.75,24.9,25.7,47.9,60.00,23.0,8.0,53.6,57.01,2.99,16.9,1661,45,--,--,--,--,--,--
2025.01.27,10:28:06,81.00,25.0,25.8,47.8,60.10,23.1,8.0,53.6,57.11,2.99,16.9,1661,45,--,--,--,--,--,--
2025.01.26,10:42:31,80.90,25.0,25.7,47.9,60.11,23.0,8.0,53.6,57.12,2.99,16.9,1661,45,--,--,--,--,--,--
2025.01.25,09:19:25,80.75,24.9,25.7,47.9,60.00,23.0,8.0,53.6,57.01,2.99,16.9,1661,45,--,--,--,--,--,--
2025.01.24,09:18:37,80.75,24.9,25.7,47.9,60.00,23.0,8.0,53.6,57.01,2.99,16.9,1661,45,--,--,--,--,--,--
2025.01.23,09:12:12,81.00,25.0,25.8,47.8,60.10,23.1,8.0,53.6,57.11,2.99,16.9,1661,45,--,--,--,--,--,--
2025.01.22,07:24:15,81.00,25.0,25.8,47.8,60.10,23.1,8.0,53.6,57.11,2.99,16.9,1661,45,--,--,--,--,--,--
2025.01.18,06:12:50,81.10,25.0,25.9,47.7,60.10,23.2,8.0,53.5,57.09,3.01,16.9,1670,45,--,--,--,--,--,--
2025.01.17,10:03:20,80.55,24.9,25.5,48.0,60.01,22.9,8.0,53.8,57.03,2.98,17.0,1657,44,--,--,--,--,--,--
2025.01.16,08:43:51,80.00,24.7,25.2,48.2,59.84,22.6,8.0,54.0,56.88,2.96,17.1,1648,44,--,--,--,--,--,--
2025.01.15,09:16:31,80.75,24.9,--,--,--,--,--,--,--,--,--,--,--,--,--,--,--,--,--
2025.01.14,09:55:53,80.40,24.8,25.4,48.1,59.98,22.8,8.0,53.9,57.00,2.98,17.0,1657,44,--,--,--,--,--,--
2025.01.12,07:23:55,81.10,25.0,25.8,47.8,60.18,23.1,8.0,53.6,57.18,3.00,16.9,1665,44,--,--,--,--,--,--
2025.01.11,09:44:03,80.40,24.8,25.4,48.1,59.98,22.8,8.0,53.9,57.00,2.98,17.0,1657,44,--,--,--,--,--,--
2025.01.10,05:59:47,80.75,24.9,25.6,47.9,60.08,22.9,8.0,53.7,57.09,2.99,17.0,1661,44,--,--,--,--,--,--
2025.01.09,09:07:37,80.60,24.9,25.5,48.0,60.05,22.9,8.0,53.8,57.06,2.99,17.0,1661,44,--,--,--,--,--,--
2025.01.08,09:08:26,81.65,25.2,26.0,47.7,60.42,23.3,8.0,53.4,57.40,3.02,16.9,1674,44,--,--,--,--,--,--
2025.01.07,09:28:12,80.70,24.9,25.6,47.9,60.04,22.9,8.0,53.7,57.05,2.99,17.0,1661,44,--,--,--,--,--,--
2025.01.06,07:15:27,81.30,25.1,25.8,47.8,60.32,23.1,8.0,53.6,57.32,3.00,16.9,1665,44,--,--,--,--,--,--
2025.01.05,08:59:22,80.40,24.8,25.4,48.1,59.98,22.8,8.0,53.9,57.00,2.98,17.0,1657,44,--,--,--,--,--,--
2025.01.03,09:54:46,81.10,25.0,25.8,47.8,60.18,23.1,8.0,53.6,57.18,3.00,16.9,1665,44,--,--,--,--,--,--
2025.01.02,09:32:39,80.50,24.8,25.5,48.0,59.97,22.9,8.0,53.8,56.99,2.98,17.0,1657,44,--,--,--,--,--,--
2025.01.01,07:12:18,81.30,25.1,25.8,47.8,60.32,23.1,8.0,53.6,57.32,3.00,16.9,1665,44,--,--,--,--,--,--
2024.12.30,06:02:05,79.75,24.6,25.1,48.3,59.73,22.5,8.0,54.1,56.78,2.95,17.1,1644,44,--,--,--,--,--,--
2024.12.29,08:40:58,80.20,24.8,25.3,48.1,59.91,22.7,8.0,53.9,56.94,2.97,17.0,1652,44,--,--,--,--,--,--
2024.12.27,10:10:01,80.10,24.7,25.3,48.1,59.83,22.7,8.0,53.9,56.87,2.96,17.0,1648,44,--,--,--,--,--,--
2024.12.26,07:27:48,81.30,25.1,25.8,47.8,60.32,23.1,8.0,53.6,57.32,3.00,16.9,1665,44,--,--,--,--,--,--
2024.12.25,09:45:55,80.25,24.8,25.4,48.1,59.87,22.8,8.0,53.9,56.90,2.97,17.0,1652,44,--,--,--,--,--,--
2024.12.24,10:27:08,79.50,24.5,25.0,48.3,59.63,22.5,8.0,54.1,56.60,3.03,17.1,1678,43,--,--,--,--,--,--
2024.12.23,09:19:24,79.35,24.5,25.0,48.3,59.51,22.5,8.0,54.1,56.50,3.01,17.1,1670,43,--,--,--,--,--,--
2024.12.22,07:33:36,80.20,24.8,25.3,48.1,59.91,22.7,8.0,53.9,56.94,2.97,17.0,1652,44,--,--,--,--,--,--
2024.12.21,09:50:43,79.90,24.7,25.2,48.2,59.77,22.6,8.0,54.0,56.81,2.96,17.1,1648,44,--,--,--,--,--,--
2024.12.20,08:34:14,79.75,24.6,25.1,48.3,59.73,22.5,8.0,54.1,56.78,2.95,17.1,1644,44,--,--,--,--,--,--
2024.12.19,09:26:35,79.25,24.5,24.9,48.4,59.52,22.4,8.0,54.2,56.51,3.01,17.1,1670,43,--,--,--,--,--,--
2024.12.18,08:31:35,79.85,24.6,25.2,48.2,59.73,22.6,8.0,54.0,56.77,2.96,17.1,1648,44,--,--,--,--,--,--
2024.12.17,09:48:47,79.70,24.6,25.1,48.3,59.70,22.5,8.0,54.1,56.75,2.95,17.1,1644,44,--,--,--,--,--,--
2024.12.16,09:41:36,79.50,24.5,25.0,48.3,59.63,22.5,8.0,54.1,56.60,3.03,17.1,1678,43,--,--,--,--,--,--
2024.12.15,07:22:04,79.95,24.7,25.2,48.2,59.80,22.6,8.0,54.0,56.84,2.96,17.1,1648,44,--,--,--,--,--,--
2024.12.14,09:06:24,79.65,24.6,25.1,48.3,59.66,22.5,8.0,54.1,56.71,2.95,17.1,1644,43,--,--,--,--,--,--
2024.12.13,09:36:23,80.20,24.8,25.3,48.1,59.91,22.7,8.0,53.9,56.94,2.97,17.0,1652,44,--,--,--,--,--,--
2024.12.12,09:21:38,79.60,24.6,25.1,48.3,59.62,22.5,8.0,54.1,56.68,2.94,17.1,1640,43,--,--,--,--,--,--
2024.12.09,07:42:40,79.70,24.6,25.1,48.3,59.70,22.5,8.0,54.1,56.75,2.95,17.1,1644,44,--,--,--,--,--,--
2024.12.08,09:32:11,79.05,24.4,24.8,48.5,59.45,22.3,7.0,54.3,56.44,3.01,17.1,1670,43,--,--,--,--,--,--
2024.12.07,09:23:11,79.15,24.4,24.9,48.4,59.44,22.4,7.0,54.2,56.43,3.01,17.1,1670,43,--,--,--,--,--,--
2024.12.06,07:47:19,79.75,24.6,25.1,48.3,59.73,22.5,8.0,54.1,56.78,2.95,17.1,1644,44,--,--,--,--,--,--
2024.12.05,07:04:07,79.55,24.6,25.0,48.3,59.66,22.5,8.0,54.1,56.64,3.02,17.1,1674,43,--,--,--,--,--,--
2024.12.04,08:51:16,80.40,24.8,25.4,48.1,59.98,22.8,8.0,53.9,57.00,2.98,17.0,1657,44,--,--,--,--,--,--
2024.12.02,09:34:18,79.90,24.7,25.2,48.2,59.77,22.6,8.0,54.0,56.81,2.96,17.1,1648,44,--,--,--,--,--,--
2024.12.01,07:53:13,81.05,25.0,25.8,47.8,60.14,23.1,8.0,53.6,57.14,3.00,16.9,1665,44,--,--,--,--,--,--
2024.11.29,08:59:02,79.40,24.5,25.0,48.3,59.55,22.5,8.0,54.1,56.53,3.02,17.1,1674,43,--,--,--,--,--,--
2024.11.28,08:37:40,79.65,24.6,25.1,48.3,59.66,22.5,8.0,54.1,56.71,2.95,17.1,1644,43,--,--,--,--,--,--
2024.11.26,08:21:55,79.85,24.6,25.2,48.2,59.73,22.6,8.0,54.0,56.77,2.96,17.1,1648,44,--,--,--,--,--,--
2024.11.24,07:17:01,80.05,24.7,25.3,48.1,59.80,22.7,8.0,53.9,56.84,2.96,17.0,1648,44,--,--,--,--,--,--
2024.11.23,06:34:51,79.25,24.5,24.9,48.4,59.52,22.4,8.0,54.2,56.51,3.01,17.1,1670,43,--,--,--,--,--,--
2024.11.22,08:50:46,79.75,24.6,25.1,48.3,59.73,22.5,8.0,54.1,56.78,2.95,17.1,1644,44,--,--,--,--,--,--
2024.11.21,08:48:37,79.40,24.5,25.0,48.3,59.55,22.5,8.0,54.1,56.53,3.02,17.1,1674,43,--,--,--,--,--,--
2024.11.20,09:33:47,79.70,24.6,25.1,48.3,59.70,22.5,8.0,54.1,56.75,2.95,17.1,1644,44,--,--,--,--,--,--
2024.11.19,08:54:19,79.60,24.6,25.1,48.3,59.62,22.5,8.0,54.1,56.68,2.94,17.1,1640,43,--,--,--,--,--,--
2024.11.18,09:22:57,79.75,24.6,25.1,48.3,59.73,22.5,8.0,54.1,56.78,2.95,17.1,1644,44,--,--,--,--,--,--
2024.11.17,07:20:24,79.75,24.6,25.1,48.3,59.73,22.5,8.0,54.1,56.78,2.95,17.1,1644,44,--,--,--,--,--,--
2024.11.16,09:20:48,79.30,24.5,24.9,48.4,59.55,22.4,8.0,54.2,56.54,3.01,17.1,1670,43,--,--,--,--,--,--
2024.11.15,08:44:37,79.15,24.4,24.9,48.4,59.44,22.4,7.0,54.2,56.43,3.01,17.1,1670,43,--,--,--,--,--,--
2024.11.14,09:23:44,79.15,24.4,24.9,48.4,59.44,22.4,7.0,54.2,56.43,3.01,17.1,1670,43,--,--,--,--,--,--
2024.11.13,09:48:04,79.05,24.4,24.8,48.5,59.45,22.3,7.0,54.3,56.44,3.01,17.1,1670,43,--,--,--,--,--,--
2024.11.12,09:36:15,79.50,24.5,25.0,48.3,59.63,22.5,8.0,54.1,56.60,3.03,17.1,1678,43,--,--,--,--,--,--
2024.11.11,06:12:09,79.40,24.5,25.0,48.3,59.55,22.5,8.0,54.1,56.53,3.02,17.1,1674,43,--,--,--,--,--,--
2024.11.10,07:20:00,79.25,24.5,24.9,48.4,59.52,22.4,8.0,54.2,56.51,3.01,17.1,1670,43,--,--,--,--,--,--
2024.11.09,09:57:31,78.70,24.3,--,--,--,--,--,--,--,--,--,--,--,--,--,--,--,--,--
2024.11.08,09:48:46,79.30,24.5,24.9,48.4,59.55,22.4,8.0,54.2,56.54,3.01,17.1,1670,43,--,--,--,--,--,--
2024.11.07,09:27:56,78.95,24.4,24.8,48.5,59.37,22.3,7.0,54.3,56.37,3.00,17.1,1665,43,--,--,--,--,--,--
2024.11.06,09:43:52,79.25,24.5,24.9,48.4,59.52,22.4,8.0,54.2,56.51,3.01,17.1,1670,43,--,--,--,--,--,--
2024.11.05,09:21:54,79.60,24.6,25.1,48.3,59.62,22.5,8.0,54.1,56.68,2.94,17.1,1640,43,--,--,--,--,--,--
2024.11.04,09:09:38,79.55,24.6,25.0,48.3,59.66,22.5,8.0,54.1,56.64,3.02,17.1,1674,43,--,--,--,--,--,--
2024.11.03,06:11:52,79.45,24.5,25.0,48.3,59.59,22.5,8.0,54.1,56.57,3.02,17.1,1674,43,--,--,--,--,--,--
2024.11.02,08:50:55,79.60,24.6,25.1,48.3,59.62,22.5,8.0,54.1,56.68,2.94,17.1,1640,43,--,--,--,--,--,--
2024.10.31,08:12:13,78.20,24.1,24.4,48.7,59.12,22.0,6.0,54.6,56.15,2.97,17.2,1652,43,--,--,--,--,--,--
2024.10.30,09:14:01,78.65,24.3,24.6,48.6,59.30,22.1,7.0,54.4,56.31,2.99,17.2,1661,43,--,--,--,--,--,--
2024.10.29,09:12:40,79.10,24.4,24.8,48.5,59.48,22.3,7.0,54.3,56.48,3.00,17.1,1665,43,--,--,--,--,--,--
2024.10.28,06:35:47,79.70,24.6,25.1,48.3,59.70,22.5,8.0,54.1,56.75,2.95,17.1,1644,44,--,--,--,--,--,--
2024.10.27,10:24:07,80.00,24.7,25.2,48.2,59.84,22.6,8.0,54.0,56.88,2.96,17.1,1648,44,--,--,--,--,--,--
2024.10.26,08:57:38,79.15,24.4,24.9,48.4,59.44,22.4,7.0,54.2,56.43,3.01,17.1,1670,43,--,--,--,--,--,--
2024.10.25,10:26:32,79.40,24.5,25.0,48.3,59.55,22.5,8.0,54.1,56.53,3.02,17.1,1674,43,--,--,--,--,--,--
2024.10.24,10:26:59,78.65,24.3,24.6,48.6,59.30,22.1,7.0,54.4,56.31,2.99,17.2,1661,43,--,--,--,--,--,--
2024.10.23,10:08:32,79.00,24.4,24.8,48.5,59.41,22.3,7.0,54.3,56.41,3.00,17.1,1665,43,--,--,--,--,--,--
2024.10.21,10:45:47,79.35,24.5,25.0,48.3,59.51,22.5,8.0,54.1,56.50,3.01,17.1,1670,43,--,--,--,--,--,--
2024.10.20,06:44:51,78.80,24.3,24.7,48.5,59.34,22.2,7.0,54.4,56.34,3.00,17.2,1665,43,--,--,--,--,--,--
2024.10.19,09:17:05,77.90,24.0,24.3,48.8,58.97,21.9,6.0,54.7,56.01,2.96,17.3,1648,43,--,--,--,--,--,--
2024.10.18,08:52:29,77.55,23.9,24.1,48.9,58.86,21.7,6.0,54.8,55.91,2.95,17.3,1644,42,--,--,--,--,--,--
2024.10.17,09:09:50,77.75,24.0,24.2,48.9,58.93,21.8,6.0,54.7,55.98,2.95,17.3,1644,43,--,--,--,--,--,--
2024.10.15,08:50:41,78.40,24.2,24.5,48.7,59.19,22.0,6.0,54.5,56.21,2.98,17.2,1657,43,--,--,--,--,--,--
2024.10.14,06:46:43,78.50,24.2,24.6,48.6,59.19,22.1,6.0,54.4,56.21,2.98,17.2,1657,43,--,--,--,--,--,--
2024.10.12,08:38:39,77.40,23.9,24.0,49.0,58.82,21.6,7.0,54.9,55.88,2.94,17.3,1640,42,--,--,--,--,--,--
2024.10.11,09:03:41,77.95,24.1,24.3,48.8,59.01,21.9,6.0,54.7,56.05,2.96,17.3,1648,43,--,--,--,--,--,--
2024.10.10,08:22:43,77.50,23.9,24.1,48.9,58.82,21.7,6.0,54.8,55.88,2.94,17.3,1640,42,--,--,--,--,--,--
2024.10.09,09:36:58,77.60,24.0,24.1,48.9,58.90,21.7,6.0,54.8,55.95,2.95,17.3,1644,42,--,--,--,--,--,--
2024.10.08,08:49:17,77.75,24.0,24.2,48.9,58.93,21.8,6.0,54.7,55.98,2.95,17.3,1644,43,--,--,--,--,--,--
2024.10.07,09:26:54,77.10,23.8,23.9,49.1,58.67,21.5,7.0,54.9,55.74,2.93,17.4,1635,42,--,--,--,--,--,--
2024.10.06,08:42:18,77.60,24.0,24.1,48.9,58.90,21.7,6.0,54.8,55.95,2.95,17.3,1644,42,--,--,--,--,--,--
2024.10.05,08:58:09,77.45,23.9,24.1,48.9,58.78,21.7,7.0,54.8,55.84,2.94,17.3,1640,42,--,--,--,--,--,--
2024.10.04,09:30:47,77.95,24.1,24.3,48.8,59.01,21.9,6.0,54.7,56.05,2.96,17.3,1648,43,--,--,--,--,--,--
2024.10.03,09:50:22,77.10,23.8,23.9,49.1,58.67,21.5,7.0,54.9,55.74,2.93,17.4,1635,42,--,--,--,--,--,--
2024.10.02,09:08:02,77.70,24.0,24.2,48.9,58.90,21.8,6.0,54.7,55.94,2.96,17.3,1648,43,--,--,--,--,--,--
2024.10.01,09:32:14,78.05,24.1,24.4,48.7,59.01,22.0,6.0,54.6,56.04,2.97,17.2,1652,43,--,--,--,--,--,--
2024.09.30,06:38:57,77.70,24.0,24.2,48.9,58.90,21.8,6.0,54.7,55.94,2.96,17.3,1648,43,--,--,--,--,--,--
2024.09.27,08:41:11,77.85,24.0,24.3,48.8,58.93,21.9,6.0,54.7,55.97,2.96,17.3,1648,43,--,--,--,--,--,--
2024.09.27,08:40:52,77.85,24.0,24.3,48.8,58.93,21.9,6.0,54.7,55.97,2.96,17.3,1648,43,--,--,--,--,--,--
2024.09.26,09:48:47,77.30,23.9,24.0,49.0,58.75,21.6,7.0,54.9,55.81,2.94,17.3,1640,42,--,--,--,--,--,--
2024.09.25,09:06:22,78.40,24.2,24.5,48.7,59.19,22.0,6.0,54.5,56.21,2.98,17.2,1657,43,--,--,--,--,--,--
2024.09.25,09:06:21,78.40,24.2,24.5,48.7,59.19,22.0,6.0,54.5,56.21,2.98,17.2,1657,43,--,--,--,--,--,--
2024.09.24,08:11:18,77.90,24.0,24.3,48.8,58.97,21.9,6.0,54.7,56.01,2.96,17.3,1648,43,--,--,--,--,--,--
2024.09.23,09:00:32,77.80,24.0,24.2,48.9,58.97,21.8,6.0,54.7,56.02,2.95,17.3,1644,43,--,--,--,--,--,--
2024.09.22,09:18:14,76.80,23.7,23.7,49.2,58.60,21.4,6.0,55.1,55.68,2.92,17.4,1631,42,--,--,--,--,--,--
2024.09.22,09:18:07,76.80,23.7,23.7,49.2,58.60,21.4,6.0,55.1,55.68,2.92,17.4,1631,42,--,--,--,--,--,--
2024.09.21,08:58:30,76.35,23.6,23.5,49.3,58.41,21.2,6.0,55.2,55.51,2.90,17.4,1622,42,--,--,--,--,--,--
2024.09.20,07:39:27,76.85,23.7,23.8,49.1,58.56,21.5,6.0,55.0,55.64,2.92,17.4,1631,42,--,--,--,--,--,--
2024.09.19,08:57:18,76.25,23.5,23.5,49.3,58.33,21.2,7.0,55.2,55.43,2.90,17.4,1622,42,--,--,--,--,--,--
2024.09.17,08:13:04,77.05,23.8,23.9,49.1,58.64,21.5,7.0,54.9,55.71,2.93,17.4,1635,42,--,--,--,--,--,--
2024.09.17,08:12:16,77.05,23.8,23.9,49.1,58.64,21.5,7.0,54.9,55.71,2.93,17.4,1635,42,--,--,--,--,--,--
2024.09.15,08:53:31,77.20,23.8,23.9,49.1,58.75,21.5,7.0,54.9,55.82,2.93,17.4,1635,42,--,--,--,--,--,--
2024.09.15,08:52:24,77.20,23.8,23.9,49.1,58.75,21.5,7.0,54.9,55.82,2.93,17.4,1635,42,--,--,--,--,--,--
2024.09.08,10:00:52,77.60,24.0,24.1,48.9,58.90,21.7,6.0,54.8,55.95,2.95,17.3,1644,42,--,--,--,--,--,--
2024.09.06,08:00:24,77.80,24.0,24.2,48.9,58.97,21.8,6.0,54.7,56.02,2.95,17.3,1644,43,--,--,--,--,--,--
2024.09.06,08:00:03,77.80,24.0,24.2,48.9,58.97,21.8,6.0,54.7,56.02,2.95,17.3,1644,43,--,--,--,--,--,--
2024.09.04,08:25:40,78.95,24.4,24.8,48.5,59.37,22.3,7.0,54.3,56.37,3.00,17.1,1665,43,--,--,--,--,--,--
2024.09.03,08:22:59,79.30,24.5,24.9,48.4,59.55,22.4,8.0,54.2,56.54,3.01,17.1,1670,43,--,--,--,--,--,--
2024.09.02,08:46:23,78.15,24.1,24.4,48.7,59.08,22.0,6.0,54.6,56.11,2.97,17.2,1652,43,--,--,--,--,--,--
2024.08.30,05:07:12,77.90,24.0,--,--,--,--,--,--,--,--,--,--,--,--,--,--,--,--,--
2024.08.30,05:06:56,77.90,24.0,24.3,48.8,58.97,21.9,6.0,54.7,56.01,2.96,17.3,1648,43,--,--,--,--,--,--
2024.08.28,07:58:49,78.10,24.1,24.4,48.7,59.04,22.0,6.0,54.6,56.08,2.96,17.2,1648,43,--,--,--,--,--,--
2024.08.26,08:41:38,78.05,24.1,24.4,48.7,59.01,22.0,6.0,54.6,56.04,2.97,17.2,1652,43,--,--,--,--,--,--
2024.08.19,09:09:50,79.00,24.4,24.8,48.5,59.41,22.3,7.0,54.3,56.41,3.00,17.1,1665,43,--,--,--,--,--,--
2024.08.13,09:09:47,77.90,24.0,24.3,48.8,58.97,21.9,6.0,54.7,56.01,2.96,17.3,1648,43,--,--,--,--,--,--
2024.08.08,06:54:40,78.60,24.3,24.6,48.6,59.26,22.1,7.0,54.4,56.28,2.98,17.2,1657,43,--,--,--,--,--,--
2024.08.06,07:23:09,78.55,24.2,24.6,48.6,59.23,22.1,6.0,54.4,56.24,2.99,17.2,1661,43,--,--,--,--,--,--
2024.08.05,08:06:46,78.80,24.3,--,--,--,--,--,--,--,--,--,--,--,--,--,--,--,--,--
2024.08.05,08:06:17,78.80,24.3,24.7,48.5,59.34,22.2,7.0,54.4,56.34,3.00,17.2,1665,43,--,--,--,--,--,--
2024.08.03,08:46:25,79.00,24.4,24.8,48.5,59.41,22.3,7.0,54.3,56.41,3.00,17.1,1665,43,--,--,--,--,--,--
2024.08.01,09:02:04,78.40,24.2,24.5,48.7,59.19,22.0,6.0,54.5,56.21,2.98,17.2,1657,43,--,--,--,--,--,--
2024.08.01,09:01:58,78.40,24.2,24.5,48.7,59.19,22.0,6.0,54.5,56.21,2.98,17.2,1657,43,--,--,--,--,--,--
2024.07.30,09:11:13,79.25,24.5,24.9,48.4,59.52,22.4,8.0,54.2,56.51,3.01,17.1,1670,43,--,--,--,--,--,--
2024.07.29,08:37:09,79.45,24.5,25.0,48.3,59.59,22.5,8.0,54.1,56.57,3.02,17.1,1674,43,--,--,--,--,--,--
2024.07.25,08:22:01,79.80,24.6,25.2,48.2,59.69,22.6,8.0,54.0,56.74,2.95,17.1,1644,44,--,--,--,--,--,--
2024.07.24,05:37:26,78.80,24.3,24.7,48.5,59.34,22.2,7.0,54.4,56.34,3.00,17.2,1665,43,--,--,--,--,--,--
2024.07.22,17:59:43,79.05,24.4,24.8,48.5,59.45,22.3,7.0,54.3,56.44,3.01,17.1,1670,43,--,--,--,--,--,--
2024.07.22,09:59:44,79.05,24.4,24.8,48.5,59.45,22.3,7.0,54.3,56.44,3.01,17.1,1670,43,--,--,--,--,--,--
2024.07.20,09:31:33,79.75,24.6,25.1,48.3,59.73,22.5,8.0,54.1,56.78,2.95,17.1,1644,44,--,--,--,--,--,--
2024.07.17,08:34:45,79.35,24.5,25.0,48.3,59.51,22.5,8.0,54.1,56.50,3.01,17.1,1670,43,--,--,--,--,--,--
2024.07.15,07:59:31,78.65,24.3,24.6,48.6,59.30,22.1,7.0,54.4,56.31,2.99,17.2,1661,43,--,--,--,--,--,--
2024.07.12,08:29:12,79.55,24.6,25.0,48.3,59.66,22.5,8.0,54.1,56.64,3.02,17.1,1674,43,--,--,--,--,--,--
2024.07.11,09:31:17,80.15,24.7,25.3,48.1,59.87,22.7,8.0,53.9,56.91,2.96,17.0,1648,44,--,--,--,--,--,--
2024.07.08,07:28:37,79.40,24.5,25.0,48.3,59.55,22.5,8.0,54.1,56.53,3.02,17.1,1674,43,--,--,--,--,--,--
2024.07.07,09:38:03,78.60,24.3,24.6,48.6,59.26,22.1,7.0,54.4,56.28,2.98,17.2,1657,43,--,--,--,--,--,--
2024.07.07,09:37:06,78.60,24.3,24.6,48.6,59.26,22.1,7.0,54.4,56.28,2.98,17.2,1657,43,--,--,--,--,--,--
2024.07.05,05:56:05,80.20,24.8,25.3,48.1,59.91,22.7,8.0,53.9,56.94,2.97,17.0,1652,44,--,--,--,--,--,--
2024.06.16,10:22:52,79.15,24.4,24.9,48.4,59.44,22.4,7.0,54.2,56.43,3.01,17.1,1670,43,--,--,--,--,--,--
2024.06.10,08:59:14,79.35,24.5,25.0,48.3,59.51,22.5,8.0,54.1,56.50,3.01,17.1,1670,43,--,--,--,--,--,--
2024.06.04,07:37:51,79.90,24.7,25.2,48.2,59.77,22.6,8.0,54.0,56.81,2.96,17.1,1648,44,--,--,--,--,--,--
2024.05.23,08:42:53,79.05,24.4,24.8,48.5,59.45,22.3,7.0,54.3,56.44,3.01,17.1,1670,43,--,--,--,--,--,--
2024.05.23,08:42:46,79.05,24.4,24.8,48.5,59.45,22.3,7.0,54.3,56.44,3.01,17.1,1670,43,--,--,--,--,--,--
2024.05.19,08:56:07,79.65,24.6,25.1,48.3,59.66,22.5,8.0,54.1,56.71,2.95,17.1,1644,43,--,--,--,--,--,--
2024.05.16,07:35:26,78.90,24.4,24.7,48.5,59.41,22.2,7.0,54.4,56.41,3.00,17.2,1665,43,--,--,--,--,--,--
2024.05.13,09:09:52,80.60,24.9,25.5,48.0,60.05,22.9,8.0,53.8,57.06,2.99,17.0,1661,44,--,--,--,--,--,--
2024.05.09,08:22:04,79.80,24.6,25.2,48.2,59.69,22.6,8.0,54.0,56.74,2.95,17.1,1644,44,--,--,--,--,--,--
2024.05.01,09:01:32,79.65,24.6,25.1,48.3,59.66,22.5,8.0,54.1,56.71,2.95,17.1,1644,43,--,--,--,--,--,--
2024.04.27,08:57:31,79.30,24.5,24.9,48.4,59.55,22.4,8.0,54.2,56.54,3.01,17.1,1670,43,--,--,--,--,--,--
2024.04.16,08:15:07,80.00,24.7,25.2,48.2,59.84,22.6,8.0,54.0,56.88,2.96,17.1,1648,44,--,--,--,--,--,--
2024.04.14,08:44:55,79.75,24.6,25.1,48.3,59.73,22.5,8.0,54.1,56.78,2.95,17.1,1644,44,--,--,--,--,--,--
2024.04.14,08:44:40,79.75,24.6,25.1,48.3,59.73,22.5,8.0,54.1,56.78,2.95,17.1,1644,44,--,--,--,--,--,--
2024.04.03,09:57:17,79.90,24.7,25.2,48.2,59.77,22.6,8.0,54.0,56.81,2.96,17.1,1648,44,--,--,--,--,--,--
2024.03.28,09:24:24,80.60,24.9,25.5,48.0,60.05,22.9,8.0,53.8,57.06,2.99,17.0,1661,44,--,--,--,--,--,--
2024.03.27,08:51:15,80.75,24.9,25.6,47.9,60.08,22.9,8.0,53.7,57.09,2.99,17.0,1661,44,--,--,--,--,--,--
2024.03.25,08:43:36,80.85,25.0,25.6,47.9,60.15,22.9,8.0,53.7,57.16,2.99,17.0,1661,44,--,--,--,--,--,--
2024.03.13,10:01:41,79.75,24.6,25.1,48.3,59.73,22.5,8.0,54.1,56.78,2.95,17.1,1644,44,--,--,--,--,--,--
2024.03.09,10:27:21,80.60,24.9,25.5,48.0,60.05,22.9,8.0,53.8,57.06,2.99,17.0,1661,44,--,--,--,--,--,--
2024.03.09,10:27:06,80.60,24.9,25.5,48.0,60.05,22.9,8.0,53.8,57.06,2.99,17.0,1661,44,--,--,--,--,--,--
2024.03.04,06:57:02,80.40,24.8,25.4,48.1,59.98,22.8,8.0,53.9,57.00,2.98,17.0,1657,44,--,--,--,--,--,--
2024.03.03,06:42:11,81.15,25.1,25.8,47.8,60.21,23.1,8.0,53.6,57.21,3.00,16.9,1665,44,--,--,--,--,--,--
2024.03.02,08:47:57,79.95,24.7,25.2,48.2,59.80,22.6,8.0,54.0,56.84,2.96,17.1,1648,44,--,--,--,--,--,--
2024.02.24,09:01:01,80.00,24.7,25.2,48.2,59.84,22.6,8.0,54.0,56.88,2.96,17.1,1648,44,--,--,--,--,--,--
2024.02.19,08:01:58,79.35,24.5,25.0,48.3,59.51,22.5,8.0,54.1,56.50,3.01,17.1,1670,43,--,--,--,--,--,--
2024.02.19,08:01:46,79.35,24.5,25.0,48.3,59.51,22.5,8.0,54.1,56.50,3.01,17.1,1670,43,--,--,--,--,--,--
2024.02.15,08:53:34,80.25,24.8,25.4,48.1,59.87,22.8,8.0,53.9,56.90,2.97,17.0,1652,44,--,--,--,--,--,--
2024.02.12,08:31:33,79.90,24.7,25.2,48.2,59.77,22.6,8.0,54.0,56.81,2.96,17.1,1648,44,--,--,--,--,--,--
2024.02.08,08:56:39,79.95,24.7,25.2,48.2,59.80,22.6,8.0,54.0,56.84,2.96,17.1,1648,44,--,--,--,--,--,--
2024.02.06,09:11:19,79.95,24.7,25.2,48.2,59.80,22.6,8.0,54.0,56.84,2.96,17.1,1648,44,--,--,--,--,--,--
2024.02.05,09:11:22,79.55,24.6,25.0,48.3,59.66,22.5,8.0,54.1,56.64,3.02,17.1,1674,43,--,--,--,--,--,--
2024.02.04,09:48:16,80.00,24.7,25.2,48.2,59.84,22.6,8.0,54.0,56.88,2.96,17.1,1648,44,--,--,--,--,--,--
2024.01.28,08:40:35,79.80,24.6,25.2,48.2,59.69,22.6,8.0,54.0,56.74,2.95,17.1,1644,44,--,--,--,--,--,--
2024.01.28,08:40:11,79.80,24.6,25.2,48.2,59.69,22.6,8.0,54.0,56.74,2.95,17.1,1644,44,--,--,--,--,--,--
2024.01.19,09:41:47,80.15,24.7,25.3,48.1,59.87,22.7,8.0,53.9,56.91,2.96,17.0,1648,44,--,--,--,--,--,--
2024.01.16,08:32:35,80.75,24.9,25.5,48.0,60.16,22.8,8.0,53.8,57.17,2.99,17.0,1661,43,--,--,--,--,--,--
2024.01.07,10:34:14,79.70,24.6,25.0,48.3,59.77,22.4,8.0,54.1,56.75,3.02,17.1,1674,43,--,--,--,--,--,--
2024.01.02,08:37:29,79.60,24.6,25.0,48.3,59.70,22.4,8.0,54.1,56.68,3.02,17.1,1674,42,--,--,--,--,--,--
2023.12.30,09:51:30,80.05,24.7,25.2,48.2,59.88,22.6,8.0,54.0,56.92,2.96,17.1,1648,43,--,--,--,--,--,--
2023.12.29,09:27:23,80.25,24.8,25.3,48.1,59.95,22.7,8.0,53.9,56.98,2.97,17.0,1652,43,--,--,--,--,--,--
2023.12.28,10:08:55,81.15,25.1,25.7,47.9,60.29,23.0,8.0,53.6,57.29,3.00,16.9,1665,43,--,--,--,--,--,--
2023.12.21,09:14:49,80.35,24.8,25.3,48.1,60.02,22.7,8.0,53.9,57.05,2.97,17.0,1652,43,--,--,--,--,--,--
2023.12.20,08:57:32,78.80,24.3,24.6,48.6,59.42,22.1,7.0,54.4,56.42,3.00,17.2,1665,42,--,--,--,--,--,--
2023.12.18,07:40:37,80.20,24.8,25.2,48.2,59.99,22.6,8.0,54.0,57.02,2.97,17.1,1652,43,--,--,--,--,--,--
2023.12.18,07:40:26,79.95,24.7,25.1,48.3,59.88,22.5,8.0,54.1,56.92,2.96,17.1,1648,43,--,--,--,--,--,--
2023.12.13,08:48:14,79.40,24.5,24.9,48.4,59.63,22.4,8.0,54.2,56.61,3.02,17.1,1674,42,--,--,--,--,--,--
2023.12.12,08:38:15,78.35,24.2,24.4,48.7,59.23,21.9,6.0,54.6,56.26,2.97,17.2,1652,42,--,--,--,--,--,--
2023.12.10,08:53:50,79.00,24.4,24.7,48.5,59.49,22.2,7.0,54.4,56.49,3.00,17.2,1665,42,--,--,--,--,--,--
2023.12.08,09:23:23,79.45,24.5,24.9,48.4,59.67,22.4,8.0,54.2,56.65,3.02,17.1,1674,42,--,--,--,--,--,--
2023.12.05,09:20:32,79.25,24.5,24.8,48.5,59.60,22.3,8.0,54.3,56.58,3.02,17.1,1674,42,--,--,--,--,--,--
2023.12.03,09:25:42,78.40,24.2,24.4,48.7,59.27,21.9,6.0,54.6,56.29,2.98,17.2,1657,42,--,--,--,--,--,--
2023.12.02,09:07:31,79.05,24.4,24.7,48.5,59.52,22.2,7.0,54.4,56.52,3.00,17.2,1665,42,--,--,--,--,--,--
2023.12.01,08:56:11,79.35,24.5,24.9,48.4,59.59,22.4,8.0,54.2,56.58,3.01,17.1,1670,42,--,--,--,--,--,--
2023.11.29,08:48:23,80.20,24.8,25.2,48.2,59.99,22.6,8.0,54.0,57.02,2.97,17.1,1652,43,--,--,--,--,--,--
2023.11.27,09:00:38,79.30,24.5,24.8,48.5,59.63,22.3,8.0,54.3,56.62,3.01,17.1,1670,42,--,--,--,--,--,--
2023.11.26,05:53:51,81.05,25.0,25.7,47.9,60.22,23.0,8.0,53.6,57.22,3.00,16.9,1665,43,--,--,--,--,--,--
2023.11.23,08:26:21,78.80,24.3,24.6,48.6,59.42,22.1,7.0,54.4,56.42,3.00,17.2,1665,42,--,--,--,--,--,--
2023.11.22,09:11:52,79.40,24.5,24.9,48.4,59.63,22.4,8.0,54.2,56.61,3.02,17.1,1674,42,--,--,--,--,--,--
2023.11.21,09:39:31,78.45,24.2,24.4,48.7,59.31,21.9,6.0,54.6,56.33,2.98,17.2,1657,42,--,--,--,--,--,--
2023.11.20,07:07:58,77.85,24.0,24.2,48.9,59.01,21.8,6.0,54.7,56.05,2.96,17.3,1648,42,--,--,--,--,--,--
2023.11.19,04:26:01,79.00,24.4,24.7,48.5,59.49,22.2,7.0,54.4,56.49,3.00,17.2,1665,42,--,--,--,--,--,--
2023.11.18,08:48:33,78.75,24.3,24.6,48.6,59.38,22.1,7.0,54.4,56.39,2.99,17.2,1661,42,--,--,--,--,--,--
2023.11.18,08:48:16,78.75,24.3,24.6,48.6,59.38,22.1,7.0,54.4,56.39,2.99,17.2,1661,42,--,--,--,--,--,--
2023.11.16,08:53:58,79.05,24.4,24.7,48.5,59.52,22.2,7.0,54.4,56.52,3.00,17.2,1665,42,--,--,--,--,--,--
2023.11.11,08:54:12,78.95,24.4,24.7,48.5,59.45,22.2,7.0,54.4,56.45,3.00,17.2,1665,42,--,--,--,--,--,--
2023.11.09,09:01:16,77.95,24.1,24.2,48.9,59.09,21.8,6.0,54.7,56.12,2.97,17.3,1652,42,--,--,--,--,--,--
2023.11.07,09:01:45,78.15,24.1,24.3,48.8,59.16,21.9,6.0,54.7,56.19,2.97,17.3,1652,42,--,--,--,--,--,--
2023.11.06,08:47:46,77.35,23.9,23.9,49.1,58.86,21.5,7.0,54.9,55.92,2.94,17.4,1640,41,--,--,--,--,--,--
2023.11.04,08:55:18,78.40,24.2,24.4,48.7,59.27,21.9,6.0,54.6,56.29,2.98,17.2,1657,42,--,--,--,--,--,--
2023.11.02,09:09:02,78.45,24.2,--,--,--,--,--,--,--,--,--,--,--,--,--,--,--,--,--
2023.11.02,09:08:51,78.45,24.2,24.4,48.7,59.31,21.9,6.0,54.6,56.33,2.98,17.2,1657,42,--,--,--,--,--,--
2023.10.30,08:55:21,78.55,24.2,24.5,48.7,59.31,22.0,6.0,54.5,56.32,2.99,17.2,1661,42,--,--,--,--,--,--
2023.10.29,08:57:00,77.40,23.9,23.9,49.1,58.90,21.5,7.0,54.9,55.96,2.94,17.4,1640,41,--,--,--,--,--,--
2023.10.28,06:38:22,78.15,24.1,24.3,48.8,59.16,21.9,6.0,54.7,56.19,2.97,17.3,1652,42,--,--,--,--,--,--
2023.10.25,09:53:39,77.90,24.0,24.2,48.9,59.05,21.8,6.0,54.7,56.09,2.96,17.3,1648,42,--,--,--,--,--,--
2023.10.22,10:05:15,77.05,23.8,23.8,49.1,58.71,21.4,7.0,55.0,55.78,2.93,17.4,1635,41,--,--,--,--,--,--
2023.10.21,09:47:24,77.85,24.0,24.2,48.9,59.01,21.8,6.0,54.7,56.05,2.96,17.3,1648,42,--,--,--,--,--,--
2023.10.20,09:08:02,78.20,24.1,24.3,48.8,59.20,21.9,6.0,54.7,56.23,2.97,17.3,1652,42,--,--,--,--,--,--
2023.10.19,08:44:40,77.75,24.0,24.1,48.9,59.01,21.7,6.0,54.8,56.06,2.95,17.3,1644,42,--,--,--,--,--,--
2023.10.18,09:00:07,78.75,24.3,24.6,48.6,59.38,22.1,7.0,54.4,56.39,2.99,17.2,1661,42,--,--,--,--,--,--
2023.10.17,09:03:06,78.70,24.3,24.6,48.6,59.34,22.1,7.0,54.4,56.35,2.99,17.2,1661,42,--,--,--,--,--,--
2023.10.14,09:04:28,78.40,24.2,24.4,48.7,59.27,21.9,6.0,54.6,56.29,2.98,17.2,1657,42,--,--,--,--,--,--
2023.10.14,08:39:55,78.55,24.2,24.5,48.7,59.31,22.0,6.0,54.5,56.32,2.99,17.2,1661,42,--,--,--,--,--,--
2023.10.13,06:50:49,77.75,24.0,24.1,48.9,59.01,21.7,6.0,54.8,56.06,2.95,17.3,1644,42,--,--,--,--,--,--
2023.10.12,09:07:01,77.40,23.9,23.9,49.1,58.90,21.5,7.0,54.9,55.96,2.94,17.4,1640,41,--,--,--,--,--,--
2023.10.10,09:13:17,77.25,23.8,23.9,49.1,58.79,21.5,7.0,54.9,55.85,2.94,17.4,1640,41,--,--,--,--,--,--
2023.10.09,09:47:36,76.15,23.5,23.3,49.4,58.41,21.0,7.0,55.4,55.51,2.90,17.5,1622,41,--,--,--,--,--,--
2023.10.08,07:07:30,76.15,23.5,23.3,49.4,58.41,21.0,7.0,55.4,55.51,2.90,17.5,1622,41,--,--,--,--,--,--
2023.10.07,08:34:27,76.85,23.7,23.7,49.2,58.64,21.4,6.0,55.1,55.72,2.92,17.4,1631,41,--,--,--,--,--,--
2023.10.06,08:39:26,76.75,23.7,23.6,49.3,58.64,21.3,6.0,55.2,55.72,2.92,17.4,1631,41,--,--,--,--,--,--
2023.10.04,09:09:59,78.25,24.2,24.3,48.8,59.24,21.9,6.0,54.7,56.26,2.98,17.3,1657,42,--,--,--,--,--,--
2023.10.03,09:11:56,76.60,23.6,23.5,49.3,58.60,21.2,6.0,55.2,55.69,2.91,17.4,1627,41,--,--,--,--,--,--
2023.10.02,07:18:48,76.35,23.6,23.4,49.4,58.48,21.1,6.0,55.3,55.58,2.90,17.5,1622,41,--,--,--,--,--,--
2023.09.30,05:42:23,75.85,23.4,23.2,49.5,58.25,20.9,7.0,55.4,55.37,2.88,17.5,1614,41,--,--,--,--,--,--
2023.09.29,09:00:26,76.55,23.6,23.5,49.3,58.56,21.2,6.0,55.2,55.65,2.91,17.4,1627,41,--,--,--,--,--,--
2023.09.27,07:54:25,76.70,23.7,23.6,49.3,58.60,21.3,6.0,55.2,55.68,2.92,17.4,1631,41,--,--,--,--,--,--
2023.09.22,08:09:52,76.65,23.7,23.6,49.3,58.56,21.3,6.0,55.2,55.65,2.91,17.4,1627,41,--,--,--,--,--,--
2023.09.20,09:43:50,77.25,23.8,23.9,49.1,58.79,21.5,7.0,54.9,55.85,2.94,17.4,1640,41,--,--,--,--,--,--
2023.09.19,09:33:10,77.05,23.8,23.8,49.1,58.71,21.4,7.0,55.0,55.78,2.93,17.4,1635,41,--,--,--,--,--,--
2023.09.19,09:18:28,77.60,24.0,24.0,49.0,58.98,21.6,6.0,54.9,56.03,2.95,17.3,1644,41,--,--,--,--,--,--
2023.09.18,08:21:07,76.30,23.6,23.4,49.4,58.45,21.1,6.0,55.3,55.55,2.90,17.5,1622,41,--,--,--,--,--,--
2023.09.13,15:39:31,77.00,23.8,23.8,49.1,58.67,21.4,6.0,55.0,55.75,2.92,17.4,1631,41,--,--,--,--,--,--
2023.09.04,08:24:27,76.20,23.5,23.4,49.4,58.37,21.1,7.0,55.3,55.47,2.90,17.5,1622,41,--,--,--,--,--,--
2023.08.31,08:52:04,77.25,23.8,23.9,49.1,58.79,21.5,7.0,54.9,55.85,2.94,17.4,1640,41,--,--,--,--,--,--
2023.08.30,08:59:13,77.20,23.8,23.9,49.1,58.75,21.5,7.0,54.9,55.82,2.93,17.4,1635,41,--,--,--,--,--,--
2023.08.20,05:55:18,76.70,23.7,23.6,49.3,58.60,21.3,6.0,55.2,55.68,2.92,17.4,1631,41,--,--,--,--,--,--
2023.08.19,07:33:08,77.20,23.8,23.9,49.1,58.75,21.5,7.0,54.9,55.82,2.93,17.4,1635,41,--,--,--,--,--,--
2023.08.18,09:08:00,77.55,23.9,24.0,49.0,58.94,21.6,6.0,54.9,55.99,2.95,17.3,1644,41,--,--,--,--,--,--
2023.08.17,08:55:50,77.75,24.0,24.1,48.9,59.01,21.7,6.0,54.8,56.06,2.95,17.3,1644,42,--,--,--,--,--,--
2023.08.16,08:58:28,77.10,23.8,23.8,49.1,58.75,21.4,7.0,55.0,55.82,2.93,17.4,1635,41,--,--,--,--,--,--
2023.08.15,06:08:15,77.35,23.9,23.9,49.1,58.86,21.5,7.0,54.9,55.92,2.94,17.4,1640,41,--,--,--,--,--,--
2023.08.14,08:28:23,78.05,24.1,24.3,48.8,59.08,21.9,6.0,54.7,56.12,2.96,17.3,1648,42,--,--,--,--,--,--
2023.08.13,09:46:33,77.50,23.9,24.0,49.0,58.90,21.6,6.0,54.9,55.96,2.94,17.3,1640,41,--,--,--,--,--,--
2023.08.12,09:09:18,77.15,23.8,23.8,49.1,58.79,21.4,7.0,55.0,55.86,2.93,17.4,1635,41,--,--,--,--,--,--
2023.08.11,09:02:18,77.15,23.8,23.8,49.1,58.79,21.4,7.0,55.0,55.86,2.93,17.4,1635,41,--,--,--,--,--,--
2023.08.10,09:00:45,77.00,23.8,23.8,49.1,58.67,21.4,6.0,55.0,55.75,2.92,17.4,1631,41,--,--,--,--,--,--
2023.08.10,09:00:19,77.00,23.8,23.8,49.1,58.67,21.4,6.0,55.0,55.75,2.92,17.4,1631,41,--,--,--,--,--,--
2023.08.09,09:16:07,76.55,23.6,23.5,49.3,58.56,21.2,6.0,55.2,55.65,2.91,17.4,1627,41,--,--,--,--,--,--
2023.08.09,09:15:48,76.55,23.6,23.5,49.3,58.56,21.2,6.0,55.2,55.65,2.91,17.4,1627,41,--,--,--,--,--,--
2023.08.08,08:52:14,77.70,24.0,24.1,48.9,58.97,21.7,6.0,54.8,56.02,2.95,17.3,1644,42,--,--,--,--,--,--
2023.08.08,08:51:40,77.70,24.0,24.1,48.9,58.97,21.7,6.0,54.8,56.02,2.95,17.3,1644,42,--,--,--,--,--,--
2023.08.07,09:33:29,76.95,23.8,23.7,49.2,58.71,21.4,6.0,55.1,55.79,2.92,17.4,1631,41,--,--,--,--,--,--
2023.08.05,09:15:02,77.10,23.8,23.8,49.1,58.75,21.4,7.0,55.0,55.82,2.93,17.4,1635,41,--,--,--,--,--,--
2023.08.04,09:25:33,76.40,23.6,23.4,49.4,58.52,21.1,6.0,55.3,55.62,2.90,17.5,1622,41,--,--,--,--,--,--
2023.07.31,07:55:39,76.20,23.5,23.4,49.4,58.37,21.1,7.0,55.3,55.47,2.90,17.5,1622,41,--,--,--,--,--,--
2023.07.30,07:15:48,76.90,23.7,23.7,49.2,58.67,21.4,6.0,55.1,55.75,2.92,17.4,1631,41,--,--,--,--,--,--
2023.07.29,09:58:09,75.70,23.4,23.1,49.6,58.21,20.9,7.0,55.5,55.34,2.87,17.5,1609,40,--,--,--,--,--,--
2023.07.27,09:38:24,74.70,23.1,22.6,49.9,57.82,20.4,6.0,55.9,54.90,2.92,17.6,1631,40,--,--,--,--,--,--
2023.07.24,05:08:23,76.30,23.6,23.4,49.4,58.45,21.1,6.0,55.3,55.55,2.90,17.5,1622,41,--,--,--,--,--,--
2023.07.19,09:02:30,76.20,23.5,23.4,49.4,58.37,21.1,7.0,55.3,55.47,2.90,17.5,1622,41,--,--,--,--,--,--
2023.07.18,07:56:16,76.50,23.6,23.5,49.3,58.52,21.2,6.0,55.2,55.62,2.90,17.4,1622,41,--,--,--,--,--,--
2023.07.17,08:42:03,75.80,23.4,23.2,49.5,58.21,20.9,7.0,55.4,55.33,2.88,17.5,1614,41,--,--,--,--,--,--
2023.07.14,05:10:46,75.80,23.4,23.2,49.5,58.21,20.9,7.0,55.4,55.33,2.88,17.5,1614,41,--,--,--,--,--,--
2023.07.12,08:30:44,74.60,23.0,22.5,50.0,57.81,20.4,6.0,56.0,54.92,2.90,17.7,1622,40,--,--,--,--,--,--
2023.07.12,08:03:48,75.00,23.2,22.7,49.8,57.98,20.5,6.0,55.8,55.05,2.93,17.6,1635,40,--,--,--,--,--,--
2023.07.12,08:03:15,75.00,23.2,22.7,49.8,57.98,20.5,6.0,55.8,55.05,2.93,17.6,1635,40,--,--,--,--,--,--
2023.07.11,05:39:41,77.35,23.9,23.9,49.1,58.86,21.5,7.0,54.9,55.92,2.94,17.4,1640,41,--,--,--,--,--,--
2023.07.10,09:21:45,76.95,23.8,23.7,49.2,58.71,21.4,6.0,55.1,55.79,2.92,17.4,1631,41,--,--,--,--,--,--
2023.07.09,05:37:06,78.65,24.3,24.5,48.7,59.38,22.0,7.0,54.5,56.39,2.99,17.2,1661,42,--,--,--,--,--,--
2023.07.08,09:20:28,77.70,24.0,24.1,48.9,58.97,21.7,6.0,54.8,56.02,2.95,17.3,1644,42,--,--,--,--,--,--
2023.07.07,07:45:39,77.15,23.8,23.8,49.1,58.79,21.4,7.0,55.0,55.86,2.93,17.4,1635,41,--,--,--,--,--,--
2023.07.06,10:36:31,77.05,23.8,23.8,49.1,58.71,21.4,7.0,55.0,55.78,2.93,17.4,1635,41,--,--,--,--,--,--
2023.07.05,09:56:33,76.45,23.6,23.5,49.3,58.48,21.2,6.0,55.2,55.58,2.90,17.4,1622,41,--,--,--,--,--,--
2023.07.04,09:55:24,75.00,23.2,22.7,49.8,57.98,20.5,6.0,55.8,55.05,2.93,17.6,1635,40,--,--,--,--,--,--
2023.07.01,05:11:12,76.90,23.7,23.7,49.2,58.67,21.4,6.0,55.1,55.75,2.92,17.4,1631,41,--,--,--,--,--,--
2023.07.01,05:10:54,76.90,23.7,23.7,49.2,58.67,21.4,6.0,55.1,55.75,2.92,17.4,1631,41,--,--,--,--,--,--
2023.06.30,08:57:55,75.95,23.4,23.2,49.5,58.33,20.9,7.0,55.4,55.44,2.89,17.5,1618,41,--,--,--,--,--,--
2023.06.30,08:56:46,75.95,23.4,23.2,49.5,58.33,20.9,7.0,55.4,55.44,2.89,17.5,1618,41,--,--,--,--,--,--
2023.06.29,08:48:59,74.90,23.1,22.7,49.8,57.90,20.5,6.0,55.8,54.98,2.92,17.6,1631,40,--,--,--,--,--,--
2023.06.27,09:02:40,76.75,23.7,23.6,49.3,58.64,21.3,6.0,55.2,55.72,2.92,17.4,1631,41,--,--,--,--,--,--
2023.06.26,06:34:21,76.80,23.7,--,--,--,--,--,--,--,--,--,--,--,--,--,--,--,--,--
2023.06.26,06:33:45,76.80,23.7,23.6,49.3,58.68,21.3,6.0,55.2,55.76,2.92,17.4,1631,41,--,--,--,--,--,--
2023.06.25,06:08:41,76.35,23.6,23.4,49.4,58.48,21.1,6.0,55.3,55.58,2.90,17.5,1622,41,--,--,--,--,--,--
2023.06.23,07:31:24,76.00,23.5,23.3,49.4,58.29,21.0,7.0,55.4,55.40,2.89,17.5,1618,41,--,--,--,--,--,--
2023.06.22,08:43:56,76.00,23.5,23.3,49.4,58.29,21.0,7.0,55.4,55.40,2.89,17.5,1618,41,--,--,--,--,--,--
2023.06.21,06:13:27,76.40,23.6,23.4,49.4,58.52,21.1,6.0,55.3,55.62,2.90,17.5,1622,41,--,--,--,--,--,--
2023.06.20,09:19:26,76.20,23.5,23.4,49.4,58.37,21.1,7.0,55.3,55.47,2.90,17.5,1622,41,--,--,--,--,--,--
2023.06.19,07:15:59,76.05,23.5,23.3,49.4,58.33,21.0,7.0,55.4,55.44,2.89,17.5,1618,41,--,--,--,--,--,--
2023.06.18,06:04:17,77.15,23.8,23.8,49.1,58.79,21.4,7.0,55.0,55.86,2.93,17.4,1635,41,--,--,--,--,--,--
2023.06.17,09:56:57,77.20,23.8,23.9,49.1,58.75,21.5,7.0,54.9,55.82,2.93,17.4,1635,41,--,--,--,--,--,--
2023.06.16,09:37:51,76.50,23.6,23.5,49.3,58.52,21.2,6.0,55.2,55.62,2.90,17.4,1622,41,--,--,--,--,--,--
2023.06.15,09:40:02,76.15,23.5,23.3,49.4,58.41,21.0,7.0,55.4,55.51,2.90,17.5,1622,41,--,--,--,--,--,--
2023.06.15,09:39:18,76.15,23.5,23.3,49.4,58.41,21.0,7.0,55.4,55.51,2.90,17.5,1622,41,--,--,--,--,--,--
2023.06.14,09:33:57,76.80,23.7,23.6,49.3,58.68,21.3,6.0,55.2,55.76,2.92,17.4,1631,41,--,--,--,--,--,--
2023.06.13,09:34:55,75.25,23.2,22.9,49.7,58.02,20.7,6.0,55.7,55.08,2.94,17.6,1640,40,--,--,--,--,--,--
2023.06.12,23:13:59,75.65,23.4,23.1,49.6,58.17,20.9,7.0,55.5,55.30,2.87,17.5,1609,40,--,--,--,--,--,--
2023.06.09,07:40:51,75.85,23.4,23.2,49.5,58.25,20.9,7.0,55.4,55.37,2.88,17.5,1614,41,--,--,--,--,--,--
2023.06.08,07:10:43,75.35,23.3,22.9,49.7,58.09,20.7,6.0,55.7,55.16,2.93,17.6,1635,40,--,--,--,--,--,--
2023.06.06,07:47:26,77.35,23.9,23.9,49.1,58.86,21.5,7.0,54.9,55.92,2.94,17.4,1640,41,--,--,--,--,--,--
2023.06.05,08:00:32,77.15,23.8,23.8,49.1,58.79,21.4,7.0,55.0,55.86,2.93,17.4,1635,41,--,--,--,--,--,--
2023.06.04,08:43:48,76.70,23.7,23.6,49.3,58.60,21.3,6.0,55.2,55.68,2.92,17.4,1631,41,--,--,--,--,--,--
2023.06.03,04:52:57,77.55,23.9,24.0,49.0,58.94,21.6,6.0,54.9,55.99,2.95,17.3,1644,41,--,--,--,--,--,--
2023.06.02,08:46:48,77.20,23.8,23.9,49.1,58.75,21.5,7.0,54.9,55.82,2.93,17.4,1635,41,--,--,--,--,--,--
2023.06.01,09:41:50,76.40,23.6,23.4,49.4,58.52,21.1,6.0,55.3,55.62,2.90,17.5,1622,41,--,--,--,--,--,--
2023.05.31,08:39:51,77.25,23.8,23.9,49.1,58.79,21.5,7.0,54.9,55.85,2.94,17.4,1640,41,--,--,--,--,--,--
2023.05.30,08:47:37,76.75,23.7,23.6,49.3,58.64,21.3,6.0,55.2,55.72,2.92,17.4,1631,41,--,--,--,--,--,--
2023.05.29,07:32:39,76.75,23.7,--,--,--,--,--,--,--,--,--,--,--,--,--,--,--,--,--
2023.05.29,07:31:32,76.75,23.7,23.6,49.3,58.64,21.3,6.0,55.2,55.72,2.92,17.4,1631,41,--,--,--,--,--,--
2023.05.28,06:04:36,76.30,23.6,23.4,49.4,58.45,21.1,6.0,55.3,55.55,2.90,17.5,1622,41,--,--,--,--,--,--
2023.05.27,06:48:08,76.55,23.6,23.5,49.3,58.56,21.2,6.0,55.2,55.65,2.91,17.4,1627,41,--,--,--,--,--,--
2023.05.26,07:45:53,76.05,23.5,23.3,49.4,58.33,21.0,7.0,55.4,55.44,2.89,17.5,1618,41,--,--,--,--,--,--
2023.05.26,07:45:13,76.05,23.5,23.3,49.4,58.33,21.0,7.0,55.4,55.44,2.89,17.5,1618,41,--,--,--,--,--,--
2023.05.25,09:16:22,76.10,23.5,23.3,49.4,58.37,21.0,7.0,55.4,55.48,2.89,17.5,1618,41,--,--,--,--,--,--
2023.05.24,07:52:17,76.55,23.6,23.5,49.3,58.56,21.2,6.0,55.2,55.65,2.91,17.4,1627,41,--,--,--,--,--,--
2023.05.24,07:52:16,76.55,23.6,23.5,49.3,58.56,21.2,6.0,55.2,55.65,2.91,17.4,1627,41,--,--,--,--,--,--
2023.05.23,09:27:15,76.20,23.5,23.4,49.4,58.37,21.1,7.0,55.3,55.47,2.90,17.5,1622,41,--,--,--,--,--,--
2023.05.22,07:32:59,75.65,23.4,23.1,49.6,58.17,20.9,7.0,55.5,55.30,2.87,17.5,1609,40,--,--,--,--,--,--
2023.05.21,06:32:10,76.65,23.7,23.6,49.3,58.56,21.3,6.0,55.2,55.65,2.91,17.4,1627,41,--,--,--,--,--,--
2023.05.20,07:21:36,76.90,23.7,23.7,49.2,58.67,21.4,6.0,55.1,55.75,2.92,17.4,1631,41,--,--,--,--,--,--
2023.05.19,09:54:01,76.25,23.5,23.4,49.4,58.41,21.1,7.0,55.3,55.51,2.90,17.5,1622,41,--,--,--,--,--,--
2023.05.18,07:22:26,76.65,23.7,23.6,49.3,58.56,21.3,6.0,55.2,55.65,2.91,17.4,1627,41,--,--,--,--,--,--
2023.05.17,07:44:06,76.00,23.5,23.3,49.4,58.29,21.0,7.0,55.4,55.40,2.89,17.5,1618,41,--,--,--,--,--,--
2023.05.16,09:52:20,75.55,23.3,23.0,49.6,58.17,20.8,6.0,55.6,55.23,2.94,17.6,1640,40,--,--,--,--,--,--
2023.05.15,07:16:45,76.65,23.7,23.6,49.3,58.56,21.3,6.0,55.2,55.65,2.91,17.4,1627,41,--,--,--,--,--,--
2023.05.14,09:50:01,76.00,23.5,23.3,49.4,58.29,21.0,7.0,55.4,55.40,2.89,17.5,1618,41,--,--,--,--,--,--
2023.05.13,06:08:57,76.85,23.7,23.7,49.2,58.64,21.4,6.0,55.1,55.72,2.92,17.4,1631,41,--,--,--,--,--,--
2023.05.12,09:33:24,75.85,23.4,23.2,49.5,58.25,20.9,7.0,55.4,55.37,2.88,17.5,1614,41,--,--,--,--,--,--
2023.05.11,09:04:59,75.40,23.3,22.9,49.7,58.13,20.7,6.0,55.7,55.19,2.94,17.6,1640,40,--,--,--,--,--,--
2023.05.10,09:10:34,75.90,23.4,23.2,49.5,58.29,20.9,7.0,55.4,55.41,2.88,17.5,1614,41,--,--,--,--,--,--
2023.05.09,09:12:51,75.45,23.3,23.0,49.6,58.10,20.8,6.0,55.6,55.15,2.95,17.6,1644,40,--,--,--,--,--,--
2023.05.08,09:48:42,75.75,23.4,23.1,49.6,58.25,20.9,7.0,55.5,55.37,2.88,17.5,1614,41,--,--,--,--,--,--
2023.05.07,09:31:17,75.50,23.3,23.0,49.6,58.14,20.8,6.0,55.6,55.19,2.95,17.6,1644,40,--,--,--,--,--,--
2023.05.06,08:31:05,75.30,23.2,22.9,49.7,58.06,20.7,6.0,55.7,55.12,2.94,17.6,1640,40,--,--,--,--,--,--
2023.05.05,08:55:08,76.50,23.6,23.5,49.3,58.52,21.2,6.0,55.2,55.62,2.90,17.4,1622,41,--,--,--,--,--,--
2023.05.04,08:11:20,76.80,23.7,23.6,49.3,58.68,21.3,6.0,55.2,55.76,2.92,17.4,1631,41,--,--,--,--,--,--
2023.05.03,08:45:09,76.40,23.6,23.4,49.4,58.52,21.1,6.0,55.3,55.62,2.90,17.5,1622,41,--,--,--,--,--,--
2023.05.02,09:02:22,77.20,23.8,23.9,49.1,58.75,21.5,7.0,54.9,55.82,2.93,17.4,1635,41,--,--,--,--,--,--
2023.05.01,09:06:51,76.35,23.6,23.4,49.4,58.48,21.1,6.0,55.3,55.58,2.90,17.5,1622,41,--,--,--,--,--,--
2023.04.30,09:02:14,76.75,23.7,23.6,49.3,58.64,21.3,6.0,55.2,55.72,2.92,17.4,1631,41,--,--,--,--,--,--
2023.04.29,07:15:11,76.75,23.7,23.6,49.3,58.64,21.3,6.0,55.2,55.72,2.92,17.4,1631,41,--,--,--,--,--,--
2023.04.28,08:37:18,76.65,23.7,23.6,49.3,58.56,21.3,6.0,55.2,55.65,2.91,17.4,1627,41,--,--,--,--,--,--
2023.04.27,09:21:54,77.20,23.8,23.9,49.1,58.75,21.5,7.0,54.9,55.82,2.93,17.4,1635,41,--,--,--,--,--,--
2023.04.26,08:39:35,77.30,23.9,23.9,49.1,58.83,21.5,7.0,54.9,55.89,2.94,17.4,1640,41,--,--,--,--,--,--
2023.04.25,07:49:05,77.30,23.9,23.9,49.1,58.83,21.5,7.0,54.9,55.89,2.94,17.4,1640,41,--,--,--,--,--,--
2023.04.24,06:39:03,78.10,24.1,24.3,48.8,59.12,21.9,6.0,54.7,56.15,2.97,17.3,1652,42,--,--,--,--,--,--
2023.04.23,10:12:25,76.35,23.6,23.4,49.4,58.48,21.1,6.0,55.3,55.58,2.90,17.5,1622,41,--,--,--,--,--,--
2023.04.22,09:08:21,78.15,24.1,24.3,48.8,59.16,21.9,6.0,54.7,56.19,2.97,17.3,1652,42,--,--,--,--,--,--
2023.04.21,09:37:46,77.45,23.9,24.0,49.0,58.86,21.6,7.0,54.9,55.92,2.94,17.3,1640,41,--,--,--,--,--,--
2023.04.20,09:13:09,78.00,24.1,24.2,48.9,59.12,21.8,6.0,54.7,56.16,2.96,17.3,1648,42,--,--,--,--,--,--
2023.04.19,09:04:50,78.10,24.1,24.3,48.8,59.12,21.9,6.0,54.7,56.15,2.97,17.3,1652,42,--,--,--,--,--,--
2023.04.18,09:07:00,78.05,24.1,24.3,48.8,59.08,21.9,6.0,54.7,56.12,2.96,17.3,1648,42,--,--,--,--,--,--
2023.04.17,07:25:21,77.70,24.0,24.1,48.9,58.97,21.7,6.0,54.8,56.02,2.95,17.3,1644,42,--,--,--,--,--,--
2023.04.16,08:17:12,77.65,24.0,24.1,48.9,58.94,21.7,6.0,54.8,55.99,2.95,17.3,1644,42,--,--,--,--,--,--
2023.04.16,08:16:32,77.65,24.0,24.1,48.9,58.94,21.7,6.0,54.8,55.99,2.95,17.3,1644,42,--,--,--,--,--,--
2023.04.15,09:01:47,77.60,24.0,24.0,49.0,58.98,21.6,6.0,54.9,56.03,2.95,17.3,1644,41,--,--,--,--,--,--
2023.04.14,08:55:37,78.20,24.1,24.3,48.8,59.20,21.9,6.0,54.7,56.23,2.97,17.3,1652,42,--,--,--,--,--,--
2023.04.13,09:12:48,77.35,23.9,23.9,49.1,58.86,21.5,7.0,54.9,55.92,2.94,17.4,1640,41,--,--,--,--,--,--
2023.04.12,09:17:31,77.85,24.0,24.2,48.9,59.01,21.8,6.0,54.7,56.05,2.96,17.3,1648,42,--,--,--,--,--,--
2023.04.11,09:05:21,78.00,24.1,24.2,48.9,59.12,21.8,6.0,54.7,56.16,2.96,17.3,1648,42,--,--,--,--,--,--
2023.04.10,09:24:33,78.40,24.2,24.4,48.7,59.27,21.9,6.0,54.6,56.29,2.98,17.2,1657,42,--,--,--,--,--,--
2023.04.09,09:31:14,77.70,24.0,24.1,48.9,58.97,21.7,6.0,54.8,56.02,2.95,17.3,1644,42,--,--,--,--,--,--
2023.04.08,08:50:35,78.30,24.2,24.4,48.7,59.19,21.9,6.0,54.6,56.22,2.97,17.2,1652,42,--,--,--,--,--,--
2023.04.07,09:22:43,79.40,24.5,24.9,48.4,59.63,22.4,8.0,54.2,56.61,3.02,17.1,1674,42,--,--,--,--,--,--
2023.04.07,09:22:18,79.40,24.5,24.9,48.4,59.63,22.4,8.0,54.2,56.61,3.02,17.1,1674,42,--,--,--,--,--,--
2023.04.06,09:03:31,78.80,24.3,24.6,48.6,59.42,22.1,7.0,54.4,56.42,3.00,17.2,1665,42,--,--,--,--,--,--
2023.04.05,09:07:05,78.65,24.3,24.5,48.7,59.38,22.0,7.0,54.5,56.39,2.99,17.2,1661,42,--,--,--,--,--,--
2023.04.05,09:07:05,78.65,24.3,24.5,48.7,59.38,22.0,7.0,54.5,56.39,2.99,17.2,1661,42,--,--,--,--,--,--
2023.04.04,09:44:50,78.60,24.3,24.5,48.7,59.34,22.0,7.0,54.5,56.36,2.98,17.2,1657,42,--,--,--,--,--,--
2023.04.03,07:41:36,79.05,24.4,24.7,48.5,59.52,22.2,7.0,54.4,56.52,3.00,17.2,1665,42,--,--,--,--,--,--
2023.04.02,15:35:12,78.85,24.3,24.6,48.6,59.45,22.1,7.0,54.4,56.46,2.99,17.2,1661,42,--,--,--,--,--,--
2023.04.01,09:19:16,79.00,24.4,24.7,48.5,59.49,22.2,7.0,54.4,56.49,3.00,17.2,1665,42,--,--,--,--,--,--
2023.03.31,08:59:57,79.15,24.4,24.8,48.5,59.52,22.3,7.0,54.3,56.51,3.01,17.1,1670,42,--,--,--,--,--,--
2023.03.30,09:40:31,79.75,24.6,25.0,48.3,59.81,22.4,8.0,54.1,56.78,3.03,17.1,1678,43,--,--,--,--,--,--
2023.03.29,09:40:52,80.10,24.7,25.2,48.2,59.91,22.6,8.0,54.0,56.95,2.96,17.1,1648,43,--,--,--,--,--,--
2023.03.28,09:57:02,80.60,24.9,25.4,48.1,60.13,22.8,8.0,53.9,57.15,2.98,17.0,1657,43,--,--,--,--,--,--
2023.03.27,06:57:22,79.95,24.7,25.1,48.3,59.88,22.5,8.0,54.1,56.92,2.96,17.1,1648,43,--,--,--,--,--,--
2023.03.26,09:59:59,79.75,24.6,25.0,48.3,59.81,22.4,8.0,54.1,56.78,3.03,17.1,1678,43,--,--,--,--,--,--
2023.03.26,09:59:37,79.75,24.6,25.0,48.3,59.81,22.4,8.0,54.1,56.78,3.03,17.1,1678,43,--,--,--,--,--,--
2023.03.25,08:11:53,80.30,24.8,25.3,48.1,59.98,22.7,8.0,53.9,57.01,2.97,17.0,1652,43,--,--,--,--,--,--
2023.03.24,08:17:14,80.10,24.7,25.2,48.2,59.91,22.6,8.0,54.0,56.95,2.96,17.1,1648,43,--,--,--,--,--,--
2023.03.23,09:25:45,79.75,24.6,25.0,48.3,59.81,22.4,8.0,54.1,56.78,3.03,17.1,1678,43,--,--,--,--,--,--
2023.03.21,20:09:00,80.35,24.8,25.3,48.1,60.02,22.7,8.0,53.9,57.05,2.97,17.0,1652,43,--,--,--,--,--,--
2023.03.21,09:55:04,80.40,24.8,25.3,48.1,60.06,22.7,8.0,53.9,57.08,2.98,17.0,1657,43,--,--,--,--,--,--
2023.03.20,09:08:21,81.00,25.0,25.6,47.9,60.26,22.9,8.0,53.7,57.27,2.99,17.0,1661,43,--,--,--,--,--,--
2023.03.19,10:20:09,81.10,25.0,25.7,47.9,60.26,23.0,8.0,53.6,57.26,3.00,16.9,1665,43,--,--,--,--,--,--
2023.03.18,09:22:24,81.25,25.1,25.7,47.9,60.37,23.0,8.0,53.6,57.36,3.01,16.9,1670,43,--,--,--,--,--,--
2023.03.17,09:22:41,81.10,25.0,25.7,47.9,60.26,23.0,8.0,53.6,57.26,3.00,16.9,1665,43,--,--,--,--,--,--
2023.03.16,09:21:01,80.70,24.9,25.5,48.0,60.12,22.8,8.0,53.8,57.14,2.98,17.0,1657,43,--,--,--,--,--,--
2023.03.15,09:07:22,80.45,24.8,25.3,48.1,60.10,22.7,8.0,53.9,57.12,2.98,17.0,1657,43,--,--,--,--,--,--
2023.03.14,09:13:29,80.60,24.9,25.4,48.1,60.13,22.8,8.0,53.9,57.15,2.98,17.0,1657,43,--,--,--,--,--,--
2023.03.14,09:13:24,80.60,24.9,25.4,48.1,60.13,22.8,8.0,53.9,57.15,2.98,17.0,1657,43,--,--,--,--,--,--
2023.03.13,09:40:58,81.35,25.1,25.8,47.8,60.36,23.1,8.0,53.6,57.35,3.01,16.9,1670,43,--,--,--,--,--,--
2023.03.12,08:19:50,80.45,24.8,25.3,48.1,60.10,22.7,8.0,53.9,57.12,2.98,17.0,1657,43,--,--,--,--,--,--
2023.03.11,08:57:11,80.80,24.9,25.5,48.0,60.20,22.8,8.0,53.8,57.21,2.99,17.0,1661,43,--,--,--,--,--,--
2023.03.11,08:56:27,80.80,24.9,--,--,--,--,--,--,--,--,--,--,--,--,--,--,--,--,--
2023.03.11,08:55:52,80.80,24.9,25.5,48.0,60.20,22.8,8.0,53.8,57.21,2.99,17.0,1661,43,--,--,--,--,--,--
2023.03.09,17:34:10,83.05,25.6,26.4,47.4,61.12,23.6,9.0,53.1,58.05,3.07,16.8,1696,44,--,--,--,--,--,--
2023.03.09,17:32:15,83.05,25.6,--,--,--,--,--,--,--,--,--,--,--,--,--,--,--,--,--
